queryID,Rank,Precision,Recall
1,1,0,0
1,2,0,0
1,3,0.333333333333333,0.2
1,4,0.5,0.4
1,5,0.4,0.4
1,6,0.333333333333333,0.4
1,7,0.285714285714286,0.4
1,8,0.25,0.4
1,9,0.222222222222222,0.4
1,10,0.2,0.4
1,11,0.181818181818182,0.4
1,12,0.166666666666667,0.4
1,13,0.153846153846154,0.4
1,14,0.142857142857143,0.4
1,15,0.133333333333333,0.4
1,16,0.125,0.4
1,17,0.117647058823529,0.4
1,18,0.166666666666667,0.6
1,19,0.157894736842105,0.6
1,20,0.15,0.6
1,21,0.142857142857143,0.6
1,22,0.136363636363636,0.6
1,23,0.130434782608696,0.6
1,24,0.125,0.6
1,25,0.12,0.6
1,26,0.115384615384615,0.6
1,27,0.111111111111111,0.6
1,28,0.107142857142857,0.6
1,29,0.103448275862069,0.6
1,30,0.1,0.6
1,31,0.0967741935483871,0.6
1,32,0.09375,0.6
1,33,0.0909090909090909,0.6
1,34,0.0882352941176471,0.6
1,35,0.0857142857142857,0.6
1,36,0.0833333333333333,0.6
1,37,0.0810810810810811,0.6
1,38,0.0789473684210526,0.6
1,39,0.0769230769230769,0.6
1,40,0.075,0.6
1,41,0.0731707317073171,0.6
1,42,0.0714285714285714,0.6
1,43,0.0697674418604651,0.6
1,44,0.0681818181818182,0.6
1,45,0.0666666666666667,0.6
1,46,0.0652173913043478,0.6
1,47,0.0638297872340425,0.6
1,48,0.0833333333333333,0.8
1,49,0.0816326530612245,0.8
1,50,0.08,0.8
2,1,0,0
2,2,0.5,0.333333333333333
2,3,0.333333333333333,0.333333333333333
2,4,0.25,0.333333333333333
2,5,0.2,0.333333333333333
2,6,0.166666666666667,0.333333333333333
2,7,0.142857142857143,0.333333333333333
2,8,0.125,0.333333333333333
2,9,0.111111111111111,0.333333333333333
2,10,0.2,0.666666666666667
2,11,0.181818181818182,0.666666666666667
2,12,0.166666666666667,0.666666666666667
2,13,0.153846153846154,0.666666666666667
2,14,0.214285714285714,1
2,15,0.2,1
2,16,0.1875,1
2,17,0.176470588235294,1
2,18,0.166666666666667,1
2,19,0.157894736842105,1
2,20,0.15,1
2,21,0.142857142857143,1
2,22,0.136363636363636,1
2,23,0.130434782608696,1
2,24,0.125,1
2,25,0.12,1
2,26,0.115384615384615,1
2,27,0.111111111111111,1
2,28,0.107142857142857,1
2,29,0.103448275862069,1
2,30,0.1,1
2,31,0.0967741935483871,1
2,32,0.09375,1
2,33,0.0909090909090909,1
2,34,0.0882352941176471,1
2,35,0.0857142857142857,1
2,36,0.0833333333333333,1
2,37,0.0810810810810811,1
2,38,0.0789473684210526,1
2,39,0.0769230769230769,1
2,40,0.075,1
2,41,0.0731707317073171,1
2,42,0.0714285714285714,1
2,43,0.0697674418604651,1
2,44,0.0681818181818182,1
2,45,0.0666666666666667,1
2,46,0.0652173913043478,1
2,47,0.0638297872340425,1
2,48,0.0625,1
2,49,0.0612244897959184,1
2,50,0.06,1
3,1,0,0
3,2,0.5,0.166666666666667
3,3,0.333333333333333,0.166666666666667
3,4,0.25,0.166666666666667
3,5,0.2,0.166666666666667
3,6,0.166666666666667,0.166666666666667
3,7,0.142857142857143,0.166666666666667
3,8,0.125,0.166666666666667
3,9,0.111111111111111,0.166666666666667
3,10,0.1,0.166666666666667
3,11,0.0909090909090909,0.166666666666667
3,12,0.0833333333333333,0.166666666666667
3,13,0.0769230769230769,0.166666666666667
3,14,0.0714285714285714,0.166666666666667
3,15,0.0666666666666667,0.166666666666667
3,16,0.0625,0.166666666666667
3,17,0.0588235294117647,0.166666666666667
3,18,0.0555555555555556,0.166666666666667
3,19,0.0526315789473684,0.166666666666667
3,20,0.05,0.166666666666667
3,21,0.0476190476190476,0.166666666666667
3,22,0.0454545454545455,0.166666666666667
3,23,0.0434782608695652,0.166666666666667
3,24,0.0416666666666667,0.166666666666667
3,25,0.04,0.166666666666667
3,26,0.0384615384615385,0.166666666666667
3,27,0.037037037037037,0.166666666666667
3,28,0.0357142857142857,0.166666666666667
3,29,0.0344827586206897,0.166666666666667
3,30,0.0333333333333333,0.166666666666667
3,31,0.032258064516129,0.166666666666667
3,32,0.03125,0.166666666666667
3,33,0.0303030303030303,0.166666666666667
3,34,0.0294117647058824,0.166666666666667
3,35,0.0285714285714286,0.166666666666667
3,36,0.0277777777777778,0.166666666666667
3,37,0.027027027027027,0.166666666666667
3,38,0.0263157894736842,0.166666666666667
3,39,0.0256410256410256,0.166666666666667
3,40,0.025,0.166666666666667
3,41,0.024390243902439,0.166666666666667
3,42,0.0238095238095238,0.166666666666667
3,43,0.0232558139534884,0.166666666666667
3,44,0.0227272727272727,0.166666666666667
3,45,0.0222222222222222,0.166666666666667
3,46,0.0217391304347826,0.166666666666667
3,47,0.0212765957446809,0.166666666666667
3,48,0.0208333333333333,0.166666666666667
3,49,0.0204081632653061,0.166666666666667
3,50,0.02,0.166666666666667
4,1,0,0
4,2,0.5,0.0833333333333333
4,3,0.333333333333333,0.0833333333333333
4,4,0.25,0.0833333333333333
4,5,0.2,0.0833333333333333
4,6,0.166666666666667,0.0833333333333333
4,7,0.142857142857143,0.0833333333333333
4,8,0.25,0.166666666666667
4,9,0.222222222222222,0.166666666666667
4,10,0.2,0.166666666666667
4,11,0.181818181818182,0.166666666666667
4,12,0.166666666666667,0.166666666666667
4,13,0.153846153846154,0.166666666666667
4,14,0.142857142857143,0.166666666666667
4,15,0.133333333333333,0.166666666666667
4,16,0.125,0.166666666666667
4,17,0.117647058823529,0.166666666666667
4,18,0.111111111111111,0.166666666666667
4,19,0.105263157894737,0.166666666666667
4,20,0.15,0.25
4,21,0.142857142857143,0.25
4,22,0.136363636363636,0.25
4,23,0.130434782608696,0.25
4,24,0.125,0.25
4,25,0.12,0.25
4,26,0.115384615384615,0.25
4,27,0.111111111111111,0.25
4,28,0.142857142857143,0.333333333333333
4,29,0.137931034482759,0.333333333333333
4,30,0.133333333333333,0.333333333333333
4,31,0.129032258064516,0.333333333333333
4,32,0.125,0.333333333333333
4,33,0.121212121212121,0.333333333333333
4,34,0.117647058823529,0.333333333333333
4,35,0.114285714285714,0.333333333333333
4,36,0.111111111111111,0.333333333333333
4,37,0.108108108108108,0.333333333333333
4,38,0.105263157894737,0.333333333333333
4,39,0.102564102564103,0.333333333333333
4,40,0.1,0.333333333333333
4,41,0.0975609756097561,0.333333333333333
4,42,0.0952380952380952,0.333333333333333
4,43,0.0930232558139535,0.333333333333333
4,44,0.0909090909090909,0.333333333333333
4,45,0.0888888888888889,0.333333333333333
4,46,0.0869565217391304,0.333333333333333
4,47,0.0851063829787234,0.333333333333333
4,48,0.0833333333333333,0.333333333333333
4,49,0.0816326530612245,0.333333333333333
4,50,0.08,0.333333333333333
5,1,0,0
5,2,0,0
5,3,0,0
5,4,0,0
5,5,0.2,0.125
5,6,0.166666666666667,0.125
5,7,0.142857142857143,0.125
5,8,0.125,0.125
5,9,0.111111111111111,0.125
5,10,0.1,0.125
5,11,0.0909090909090909,0.125
5,12,0.0833333333333333,0.125
5,13,0.0769230769230769,0.125
5,14,0.142857142857143,0.25
5,15,0.133333333333333,0.25
5,16,0.125,0.25
5,17,0.117647058823529,0.25
5,18,0.111111111111111,0.25
5,19,0.105263157894737,0.25
5,20,0.1,0.25
5,21,0.0952380952380952,0.25
5,22,0.0909090909090909,0.25
5,23,0.0869565217391304,0.25
5,24,0.0833333333333333,0.25
5,25,0.08,0.25
5,26,0.0769230769230769,0.25
5,27,0.0740740740740741,0.25
5,28,0.0714285714285714,0.25
5,29,0.0689655172413793,0.25
5,30,0.0666666666666667,0.25
5,31,0.0645161290322581,0.25
5,32,0.0625,0.25
5,33,0.0606060606060606,0.25
5,34,0.0588235294117647,0.25
5,35,0.0571428571428571,0.25
5,36,0.0555555555555556,0.25
5,37,0.0540540540540541,0.25
5,38,0.0526315789473684,0.25
5,39,0.0512820512820513,0.25
5,40,0.05,0.25
5,41,0.0731707317073171,0.375
5,42,0.0714285714285714,0.375
5,43,0.0697674418604651,0.375
5,44,0.0681818181818182,0.375
5,45,0.0666666666666667,0.375
5,46,0.0652173913043478,0.375
5,47,0.0638297872340425,0.375
5,48,0.0625,0.375
5,49,0.0612244897959184,0.375
5,50,0.06,0.375
6,1,0,0
6,2,0,0
6,3,0,0
6,4,0,0
6,5,0,0
6,6,0,0
6,7,0,0
6,8,0.125,0.333333333333333
6,9,0.222222222222222,0.666666666666667
6,10,0.2,0.666666666666667
6,11,0.181818181818182,0.666666666666667
6,12,0.166666666666667,0.666666666666667
6,13,0.153846153846154,0.666666666666667
6,14,0.142857142857143,0.666666666666667
6,15,0.133333333333333,0.666666666666667
6,16,0.125,0.666666666666667
6,17,0.117647058823529,0.666666666666667
6,18,0.111111111111111,0.666666666666667
6,19,0.105263157894737,0.666666666666667
6,20,0.1,0.666666666666667
6,21,0.0952380952380952,0.666666666666667
6,22,0.0909090909090909,0.666666666666667
6,23,0.0869565217391304,0.666666666666667
6,24,0.0833333333333333,0.666666666666667
6,25,0.08,0.666666666666667
6,26,0.0769230769230769,0.666666666666667
6,27,0.0740740740740741,0.666666666666667
6,28,0.0714285714285714,0.666666666666667
6,29,0.0689655172413793,0.666666666666667
6,30,0.0666666666666667,0.666666666666667
6,31,0.0645161290322581,0.666666666666667
6,32,0.0625,0.666666666666667
6,33,0.0606060606060606,0.666666666666667
6,34,0.0588235294117647,0.666666666666667
6,35,0.0571428571428571,0.666666666666667
6,36,0.0555555555555556,0.666666666666667
6,37,0.0540540540540541,0.666666666666667
6,38,0.0526315789473684,0.666666666666667
6,39,0.0512820512820513,0.666666666666667
6,40,0.05,0.666666666666667
6,41,0.0487804878048781,0.666666666666667
6,42,0.0476190476190476,0.666666666666667
6,43,0.0465116279069767,0.666666666666667
6,44,0.0454545454545455,0.666666666666667
6,45,0.0444444444444444,0.666666666666667
6,46,0.0434782608695652,0.666666666666667
6,47,0.0425531914893617,0.666666666666667
6,48,0.0416666666666667,0.666666666666667
6,49,0.0612244897959184,1
6,50,0.06,1
7,1,1,0.0357142857142857
7,2,1,0.0714285714285714
7,3,1,0.107142857142857
7,4,0.75,0.107142857142857
7,5,0.6,0.107142857142857
7,6,0.666666666666667,0.142857142857143
7,7,0.714285714285714,0.178571428571429
7,8,0.75,0.214285714285714
7,9,0.666666666666667,0.214285714285714
7,10,0.6,0.214285714285714
7,11,0.545454545454545,0.214285714285714
7,12,0.5,0.214285714285714
7,13,0.461538461538462,0.214285714285714
7,14,0.428571428571429,0.214285714285714
7,15,0.4,0.214285714285714
7,16,0.4375,0.25
7,17,0.470588235294118,0.285714285714286
7,18,0.444444444444444,0.285714285714286
7,19,0.421052631578947,0.285714285714286
7,20,0.4,0.285714285714286
7,21,0.380952380952381,0.285714285714286
7,22,0.363636363636364,0.285714285714286
7,23,0.347826086956522,0.285714285714286
7,24,0.333333333333333,0.285714285714286
7,25,0.32,0.285714285714286
7,26,0.307692307692308,0.285714285714286
7,27,0.296296296296296,0.285714285714286
7,28,0.285714285714286,0.285714285714286
7,29,0.275862068965517,0.285714285714286
7,30,0.266666666666667,0.285714285714286
7,31,0.258064516129032,0.285714285714286
7,32,0.25,0.285714285714286
7,33,0.242424242424242,0.285714285714286
7,34,0.235294117647059,0.285714285714286
7,35,0.228571428571429,0.285714285714286
7,36,0.222222222222222,0.285714285714286
7,37,0.216216216216216,0.285714285714286
7,38,0.210526315789474,0.285714285714286
7,39,0.205128205128205,0.285714285714286
7,40,0.2,0.285714285714286
7,41,0.195121951219512,0.285714285714286
7,42,0.19047619047619,0.285714285714286
7,43,0.186046511627907,0.285714285714286
7,44,0.181818181818182,0.285714285714286
7,45,0.177777777777778,0.285714285714286
7,46,0.173913043478261,0.285714285714286
7,47,0.170212765957447,0.285714285714286
7,48,0.166666666666667,0.285714285714286
7,49,0.163265306122449,0.285714285714286
7,50,0.16,0.285714285714286
8,1,0,0
8,2,0,0
8,3,0,0
8,4,0.25,0.333333333333333
8,5,0.2,0.333333333333333
8,6,0.166666666666667,0.333333333333333
8,7,0.285714285714286,0.666666666666667
8,8,0.25,0.666666666666667
8,9,0.222222222222222,0.666666666666667
8,10,0.2,0.666666666666667
8,11,0.181818181818182,0.666666666666667
8,12,0.166666666666667,0.666666666666667
8,13,0.153846153846154,0.666666666666667
8,14,0.142857142857143,0.666666666666667
8,15,0.133333333333333,0.666666666666667
8,16,0.125,0.666666666666667
8,17,0.117647058823529,0.666666666666667
8,18,0.111111111111111,0.666666666666667
8,19,0.105263157894737,0.666666666666667
8,20,0.1,0.666666666666667
8,21,0.0952380952380952,0.666666666666667
8,22,0.0909090909090909,0.666666666666667
8,23,0.0869565217391304,0.666666666666667
8,24,0.125,1
8,25,0.12,1
8,26,0.115384615384615,1
8,27,0.111111111111111,1
8,28,0.107142857142857,1
8,29,0.103448275862069,1
8,30,0.1,1
8,31,0.0967741935483871,1
8,32,0.09375,1
8,33,0.0909090909090909,1
8,34,0.0882352941176471,1
8,35,0.0857142857142857,1
8,36,0.0833333333333333,1
8,37,0.0810810810810811,1
8,38,0.0789473684210526,1
8,39,0.0769230769230769,1
8,40,0.075,1
8,41,0.0731707317073171,1
8,42,0.0714285714285714,1
8,43,0.0697674418604651,1
8,44,0.0681818181818182,1
8,45,0.0666666666666667,1
8,46,0.0652173913043478,1
8,47,0.0638297872340425,1
8,48,0.0625,1
8,49,0.0612244897959184,1
8,50,0.06,1
9,1,0,0
9,2,0,0
9,3,0.333333333333333,0.111111111111111
9,4,0.25,0.111111111111111
9,5,0.2,0.111111111111111
9,6,0.166666666666667,0.111111111111111
9,7,0.285714285714286,0.222222222222222
9,8,0.25,0.222222222222222
9,9,0.222222222222222,0.222222222222222
9,10,0.2,0.222222222222222
9,11,0.181818181818182,0.222222222222222
9,12,0.25,0.333333333333333
9,13,0.230769230769231,0.333333333333333
9,14,0.214285714285714,0.333333333333333
9,15,0.2,0.333333333333333
9,16,0.1875,0.333333333333333
9,17,0.235294117647059,0.444444444444444
9,18,0.222222222222222,0.444444444444444
9,19,0.210526315789474,0.444444444444444
9,20,0.2,0.444444444444444
9,21,0.19047619047619,0.444444444444444
9,22,0.181818181818182,0.444444444444444
9,23,0.173913043478261,0.444444444444444
9,24,0.166666666666667,0.444444444444444
9,25,0.16,0.444444444444444
9,26,0.153846153846154,0.444444444444444
9,27,0.148148148148148,0.444444444444444
9,28,0.142857142857143,0.444444444444444
9,29,0.137931034482759,0.444444444444444
9,30,0.133333333333333,0.444444444444444
9,31,0.129032258064516,0.444444444444444
9,32,0.125,0.444444444444444
9,33,0.121212121212121,0.444444444444444
9,34,0.117647058823529,0.444444444444444
9,35,0.114285714285714,0.444444444444444
9,36,0.111111111111111,0.444444444444444
9,37,0.108108108108108,0.444444444444444
9,38,0.105263157894737,0.444444444444444
9,39,0.102564102564103,0.444444444444444
9,40,0.1,0.444444444444444
9,41,0.0975609756097561,0.444444444444444
9,42,0.0952380952380952,0.444444444444444
9,43,0.0930232558139535,0.444444444444444
9,44,0.0909090909090909,0.444444444444444
9,45,0.0888888888888889,0.444444444444444
9,46,0.0869565217391304,0.444444444444444
9,47,0.0851063829787234,0.444444444444444
9,48,0.0833333333333333,0.444444444444444
9,49,0.0816326530612245,0.444444444444444
9,50,0.1,0.555555555555556
10,1,1,0.0285714285714286
10,2,1,0.0571428571428571
10,3,1,0.0857142857142857
10,4,1,0.114285714285714
10,5,1,0.142857142857143
10,6,1,0.171428571428571
10,7,1,0.2
10,8,1,0.228571428571429
10,9,1,0.257142857142857
10,10,1,0.285714285714286
10,11,1,0.314285714285714
10,12,1,0.342857142857143
10,13,1,0.371428571428571
10,14,1,0.4
10,15,0.933333333333333,0.4
10,16,0.9375,0.428571428571429
10,17,0.882352941176471,0.428571428571429
10,18,0.833333333333333,0.428571428571429
10,19,0.842105263157895,0.457142857142857
10,20,0.85,0.485714285714286
10,21,0.857142857142857,0.514285714285714
10,22,0.818181818181818,0.514285714285714
10,23,0.826086956521739,0.542857142857143
10,24,0.791666666666667,0.542857142857143
10,25,0.76,0.542857142857143
10,26,0.730769230769231,0.542857142857143
10,27,0.703703703703704,0.542857142857143
10,28,0.678571428571429,0.542857142857143
10,29,0.689655172413793,0.571428571428571
10,30,0.666666666666667,0.571428571428571
10,31,0.645161290322581,0.571428571428571
10,32,0.65625,0.6
10,33,0.636363636363636,0.6
10,34,0.647058823529412,0.628571428571429
10,35,0.657142857142857,0.657142857142857
10,36,0.666666666666667,0.685714285714286
10,37,0.648648648648649,0.685714285714286
10,38,0.657894736842105,0.714285714285714
10,39,0.641025641025641,0.714285714285714
10,40,0.625,0.714285714285714
10,41,0.609756097560976,0.714285714285714
10,42,0.595238095238095,0.714285714285714
10,43,0.581395348837209,0.714285714285714
10,44,0.568181818181818,0.714285714285714
10,45,0.555555555555556,0.714285714285714
10,46,0.543478260869565,0.714285714285714
10,47,0.531914893617021,0.714285714285714
10,48,0.520833333333333,0.714285714285714
10,49,0.510204081632653,0.714285714285714
10,50,0.5,0.714285714285714
11,1,1,0.0526315789473684
11,2,0.5,0.0526315789473684
11,3,0.666666666666667,0.105263157894737
11,4,0.75,0.157894736842105
11,5,0.8,0.210526315789474
11,6,0.833333333333333,0.263157894736842
11,7,0.857142857142857,0.315789473684211
11,8,0.75,0.315789473684211
11,9,0.666666666666667,0.315789473684211
11,10,0.6,0.315789473684211
11,11,0.636363636363636,0.368421052631579
11,12,0.666666666666667,0.421052631578947
11,13,0.615384615384615,0.421052631578947
11,14,0.571428571428571,0.421052631578947
11,15,0.6,0.473684210526316
11,16,0.5625,0.473684210526316
11,17,0.529411764705882,0.473684210526316
11,18,0.5,0.473684210526316
11,19,0.473684210526316,0.473684210526316
11,20,0.45,0.473684210526316
11,21,0.428571428571429,0.473684210526316
11,22,0.409090909090909,0.473684210526316
11,23,0.434782608695652,0.526315789473684
11,24,0.416666666666667,0.526315789473684
11,25,0.4,0.526315789473684
11,26,0.384615384615385,0.526315789473684
11,27,0.37037037037037,0.526315789473684
11,28,0.392857142857143,0.578947368421053
11,29,0.379310344827586,0.578947368421053
11,30,0.366666666666667,0.578947368421053
11,31,0.354838709677419,0.578947368421053
11,32,0.34375,0.578947368421053
11,33,0.333333333333333,0.578947368421053
11,34,0.323529411764706,0.578947368421053
11,35,0.342857142857143,0.631578947368421
11,36,0.333333333333333,0.631578947368421
11,37,0.324324324324324,0.631578947368421
11,38,0.315789473684211,0.631578947368421
11,39,0.307692307692308,0.631578947368421
11,40,0.3,0.631578947368421
11,41,0.292682926829268,0.631578947368421
11,42,0.285714285714286,0.631578947368421
11,43,0.27906976744186,0.631578947368421
11,44,0.272727272727273,0.631578947368421
11,45,0.266666666666667,0.631578947368421
11,46,0.260869565217391,0.631578947368421
11,47,0.25531914893617,0.631578947368421
11,48,0.25,0.631578947368421
11,49,0.244897959183673,0.631578947368421
11,50,0.24,0.631578947368421
12,1,1,0.2
12,2,0.5,0.2
12,3,0.666666666666667,0.4
12,4,0.5,0.4
12,5,0.4,0.4
12,6,0.333333333333333,0.4
12,7,0.285714285714286,0.4
12,8,0.25,0.4
12,9,0.222222222222222,0.4
12,10,0.2,0.4
12,11,0.181818181818182,0.4
12,12,0.166666666666667,0.4
12,13,0.153846153846154,0.4
12,14,0.142857142857143,0.4
12,15,0.133333333333333,0.4
12,16,0.125,0.4
12,17,0.117647058823529,0.4
12,18,0.111111111111111,0.4
12,19,0.105263157894737,0.4
12,20,0.1,0.4
12,21,0.0952380952380952,0.4
12,22,0.0909090909090909,0.4
12,23,0.0869565217391304,0.4
12,24,0.0833333333333333,0.4
12,25,0.08,0.4
12,26,0.0769230769230769,0.4
12,27,0.0740740740740741,0.4
12,28,0.0714285714285714,0.4
12,29,0.103448275862069,0.6
12,30,0.1,0.6
12,31,0.0967741935483871,0.6
12,32,0.09375,0.6
12,33,0.0909090909090909,0.6
12,34,0.0882352941176471,0.6
12,35,0.0857142857142857,0.6
12,36,0.0833333333333333,0.6
12,37,0.0810810810810811,0.6
12,38,0.0789473684210526,0.6
12,39,0.0769230769230769,0.6
12,40,0.075,0.6
12,41,0.0731707317073171,0.6
12,42,0.0714285714285714,0.6
12,43,0.0697674418604651,0.6
12,44,0.0681818181818182,0.6
12,45,0.0666666666666667,0.6
12,46,0.0652173913043478,0.6
12,47,0.0638297872340425,0.6
12,48,0.0625,0.6
12,49,0.0612244897959184,0.6
12,50,0.06,0.6
13,1,0,0
13,2,0.5,0.0909090909090909
13,3,0.333333333333333,0.0909090909090909
13,4,0.25,0.0909090909090909
13,5,0.4,0.181818181818182
13,6,0.5,0.272727272727273
13,7,0.428571428571429,0.272727272727273
13,8,0.375,0.272727272727273
13,9,0.333333333333333,0.272727272727273
13,10,0.4,0.363636363636364
13,11,0.363636363636364,0.363636363636364
13,12,0.333333333333333,0.363636363636364
13,13,0.384615384615385,0.454545454545455
13,14,0.357142857142857,0.454545454545455
13,15,0.4,0.545454545454545
13,16,0.375,0.545454545454545
13,17,0.352941176470588,0.545454545454545
13,18,0.333333333333333,0.545454545454545
13,19,0.315789473684211,0.545454545454545
13,20,0.3,0.545454545454545
13,21,0.285714285714286,0.545454545454545
13,22,0.272727272727273,0.545454545454545
13,23,0.260869565217391,0.545454545454545
13,24,0.25,0.545454545454545
13,25,0.24,0.545454545454545
13,26,0.230769230769231,0.545454545454545
13,27,0.222222222222222,0.545454545454545
13,28,0.214285714285714,0.545454545454545
13,29,0.206896551724138,0.545454545454545
13,30,0.2,0.545454545454545
13,31,0.193548387096774,0.545454545454545
13,32,0.1875,0.545454545454545
13,33,0.181818181818182,0.545454545454545
13,34,0.176470588235294,0.545454545454545
13,35,0.171428571428571,0.545454545454545
13,36,0.166666666666667,0.545454545454545
13,37,0.162162162162162,0.545454545454545
13,38,0.157894736842105,0.545454545454545
13,39,0.153846153846154,0.545454545454545
13,40,0.15,0.545454545454545
13,41,0.146341463414634,0.545454545454545
13,42,0.142857142857143,0.545454545454545
13,43,0.13953488372093,0.545454545454545
13,44,0.136363636363636,0.545454545454545
13,45,0.133333333333333,0.545454545454545
13,46,0.130434782608696,0.545454545454545
13,47,0.127659574468085,0.545454545454545
13,48,0.145833333333333,0.636363636363636
13,49,0.142857142857143,0.636363636363636
13,50,0.14,0.636363636363636
14,1,0,0
14,2,0.5,0.0227272727272727
14,3,0.333333333333333,0.0227272727272727
14,4,0.5,0.0454545454545455
14,5,0.6,0.0681818181818182
14,6,0.5,0.0681818181818182
14,7,0.571428571428571,0.0909090909090909
14,8,0.5,0.0909090909090909
14,9,0.444444444444444,0.0909090909090909
14,10,0.4,0.0909090909090909
14,11,0.363636363636364,0.0909090909090909
14,12,0.333333333333333,0.0909090909090909
14,13,0.384615384615385,0.113636363636364
14,14,0.357142857142857,0.113636363636364
14,15,0.4,0.136363636363636
14,16,0.375,0.136363636363636
14,17,0.352941176470588,0.136363636363636
14,18,0.333333333333333,0.136363636363636
14,19,0.368421052631579,0.159090909090909
14,20,0.4,0.181818181818182
14,21,0.380952380952381,0.181818181818182
14,22,0.409090909090909,0.204545454545455
14,23,0.391304347826087,0.204545454545455
14,24,0.375,0.204545454545455
14,25,0.36,0.204545454545455
14,26,0.346153846153846,0.204545454545455
14,27,0.333333333333333,0.204545454545455
14,28,0.321428571428571,0.204545454545455
14,29,0.310344827586207,0.204545454545455
14,30,0.3,0.204545454545455
14,31,0.32258064516129,0.227272727272727
14,32,0.3125,0.227272727272727
14,33,0.303030303030303,0.227272727272727
14,34,0.294117647058824,0.227272727272727
14,35,0.285714285714286,0.227272727272727
14,36,0.277777777777778,0.227272727272727
14,37,0.27027027027027,0.227272727272727
14,38,0.263157894736842,0.227272727272727
14,39,0.282051282051282,0.25
14,40,0.275,0.25
14,41,0.268292682926829,0.25
14,42,0.261904761904762,0.25
14,43,0.255813953488372,0.25
14,44,0.25,0.25
14,45,0.266666666666667,0.272727272727273
14,46,0.282608695652174,0.295454545454545
14,47,0.276595744680851,0.295454545454545
14,48,0.270833333333333,0.295454545454545
14,49,0.26530612244898,0.295454545454545
14,50,0.26,0.295454545454545
15,1,1,0.1
15,2,0.5,0.1
15,3,0.333333333333333,0.1
15,4,0.25,0.1
15,5,0.2,0.1
15,6,0.333333333333333,0.2
15,7,0.285714285714286,0.2
15,8,0.25,0.2
15,9,0.222222222222222,0.2
15,10,0.2,0.2
15,11,0.181818181818182,0.2
15,12,0.166666666666667,0.2
15,13,0.153846153846154,0.2
15,14,0.142857142857143,0.2
15,15,0.133333333333333,0.2
15,16,0.125,0.2
15,17,0.117647058823529,0.2
15,18,0.111111111111111,0.2
15,19,0.105263157894737,0.2
15,20,0.1,0.2
15,21,0.0952380952380952,0.2
15,22,0.0909090909090909,0.2
15,23,0.0869565217391304,0.2
15,24,0.0833333333333333,0.2
15,25,0.12,0.3
15,26,0.115384615384615,0.3
15,27,0.111111111111111,0.3
15,28,0.107142857142857,0.3
15,29,0.103448275862069,0.3
15,30,0.1,0.3
15,31,0.0967741935483871,0.3
15,32,0.09375,0.3
15,33,0.0909090909090909,0.3
15,34,0.0882352941176471,0.3
15,35,0.0857142857142857,0.3
15,36,0.0833333333333333,0.3
15,37,0.0810810810810811,0.3
15,38,0.0789473684210526,0.3
15,39,0.0769230769230769,0.3
15,40,0.075,0.3
15,41,0.0731707317073171,0.3
15,42,0.0714285714285714,0.3
15,43,0.0697674418604651,0.3
15,44,0.0681818181818182,0.3
15,45,0.0666666666666667,0.3
15,46,0.0652173913043478,0.3
15,47,0.0638297872340425,0.3
15,48,0.0625,0.3
15,49,0.0816326530612245,0.4
15,50,0.08,0.4
16,1,1,0.0588235294117647
16,2,0.5,0.0588235294117647
16,3,0.666666666666667,0.117647058823529
16,4,0.5,0.117647058823529
16,5,0.4,0.117647058823529
16,6,0.333333333333333,0.117647058823529
16,7,0.285714285714286,0.117647058823529
16,8,0.25,0.117647058823529
16,9,0.222222222222222,0.117647058823529
16,10,0.2,0.117647058823529
16,11,0.181818181818182,0.117647058823529
16,12,0.166666666666667,0.117647058823529
16,13,0.153846153846154,0.117647058823529
16,14,0.142857142857143,0.117647058823529
16,15,0.133333333333333,0.117647058823529
16,16,0.125,0.117647058823529
16,17,0.117647058823529,0.117647058823529
16,18,0.111111111111111,0.117647058823529
16,19,0.105263157894737,0.117647058823529
16,20,0.1,0.117647058823529
16,21,0.0952380952380952,0.117647058823529
16,22,0.0909090909090909,0.117647058823529
16,23,0.0869565217391304,0.117647058823529
16,24,0.0833333333333333,0.117647058823529
16,25,0.08,0.117647058823529
16,26,0.115384615384615,0.176470588235294
16,27,0.111111111111111,0.176470588235294
16,28,0.107142857142857,0.176470588235294
16,29,0.103448275862069,0.176470588235294
16,30,0.1,0.176470588235294
16,31,0.0967741935483871,0.176470588235294
16,32,0.09375,0.176470588235294
16,33,0.0909090909090909,0.176470588235294
16,34,0.0882352941176471,0.176470588235294
16,35,0.0857142857142857,0.176470588235294
16,36,0.0833333333333333,0.176470588235294
16,37,0.0810810810810811,0.176470588235294
16,38,0.0789473684210526,0.176470588235294
16,39,0.0769230769230769,0.176470588235294
16,40,0.075,0.176470588235294
16,41,0.0731707317073171,0.176470588235294
16,42,0.0714285714285714,0.176470588235294
16,43,0.0697674418604651,0.176470588235294
16,44,0.0681818181818182,0.176470588235294
16,45,0.0666666666666667,0.176470588235294
16,46,0.0652173913043478,0.176470588235294
16,47,0.0638297872340425,0.176470588235294
16,48,0.0625,0.176470588235294
16,49,0.0612244897959184,0.176470588235294
16,50,0.06,0.176470588235294
17,1,0,0
17,2,0.5,0.0625
17,3,0.333333333333333,0.0625
17,4,0.5,0.125
17,5,0.4,0.125
17,6,0.333333333333333,0.125
17,7,0.285714285714286,0.125
17,8,0.25,0.125
17,9,0.333333333333333,0.1875
17,10,0.4,0.25
17,11,0.363636363636364,0.25
17,12,0.333333333333333,0.25
17,13,0.307692307692308,0.25
17,14,0.285714285714286,0.25
17,15,0.266666666666667,0.25
17,16,0.3125,0.3125
17,17,0.294117647058824,0.3125
17,18,0.277777777777778,0.3125
17,19,0.263157894736842,0.3125
17,20,0.25,0.3125
17,21,0.238095238095238,0.3125
17,22,0.227272727272727,0.3125
17,23,0.217391304347826,0.3125
17,24,0.208333333333333,0.3125
17,25,0.2,0.3125
17,26,0.230769230769231,0.375
17,27,0.222222222222222,0.375
17,28,0.214285714285714,0.375
17,29,0.206896551724138,0.375
17,30,0.2,0.375
17,31,0.193548387096774,0.375
17,32,0.1875,0.375
17,33,0.181818181818182,0.375
17,34,0.176470588235294,0.375
17,35,0.2,0.4375
17,36,0.194444444444444,0.4375
17,37,0.189189189189189,0.4375
17,38,0.184210526315789,0.4375
17,39,0.179487179487179,0.4375
17,40,0.175,0.4375
17,41,0.170731707317073,0.4375
17,42,0.166666666666667,0.4375
17,43,0.162790697674419,0.4375
17,44,0.159090909090909,0.4375
17,45,0.155555555555556,0.4375
17,46,0.152173913043478,0.4375
17,47,0.148936170212766,0.4375
17,48,0.166666666666667,0.5
17,49,0.163265306122449,0.5
17,50,0.16,0.5
18,1,0,0
18,2,0.5,0.0909090909090909
18,3,0.333333333333333,0.0909090909090909
18,4,0.25,0.0909090909090909
18,5,0.2,0.0909090909090909
18,6,0.166666666666667,0.0909090909090909
18,7,0.142857142857143,0.0909090909090909
18,8,0.25,0.181818181818182
18,9,0.333333333333333,0.272727272727273
18,10,0.3,0.272727272727273
18,11,0.272727272727273,0.272727272727273
18,12,0.25,0.272727272727273
18,13,0.230769230769231,0.272727272727273
18,14,0.214285714285714,0.272727272727273
18,15,0.2,0.272727272727273
18,16,0.1875,0.272727272727273
18,17,0.176470588235294,0.272727272727273
18,18,0.166666666666667,0.272727272727273
18,19,0.157894736842105,0.272727272727273
18,20,0.15,0.272727272727273
18,21,0.142857142857143,0.272727272727273
18,22,0.136363636363636,0.272727272727273
18,23,0.130434782608696,0.272727272727273
18,24,0.125,0.272727272727273
18,25,0.12,0.272727272727273
18,26,0.115384615384615,0.272727272727273
18,27,0.111111111111111,0.272727272727273
18,28,0.107142857142857,0.272727272727273
18,29,0.103448275862069,0.272727272727273
18,30,0.1,0.272727272727273
18,31,0.0967741935483871,0.272727272727273
18,32,0.09375,0.272727272727273
18,33,0.0909090909090909,0.272727272727273
18,34,0.0882352941176471,0.272727272727273
18,35,0.0857142857142857,0.272727272727273
18,36,0.0833333333333333,0.272727272727273
18,37,0.0810810810810811,0.272727272727273
18,38,0.0789473684210526,0.272727272727273
18,39,0.0769230769230769,0.272727272727273
18,40,0.075,0.272727272727273
18,41,0.0731707317073171,0.272727272727273
18,42,0.0714285714285714,0.272727272727273
18,43,0.0697674418604651,0.272727272727273
18,44,0.0909090909090909,0.363636363636364
18,45,0.0888888888888889,0.363636363636364
18,46,0.0869565217391304,0.363636363636364
18,47,0.0851063829787234,0.363636363636364
18,48,0.0833333333333333,0.363636363636364
18,49,0.0816326530612245,0.363636363636364
18,50,0.08,0.363636363636364
19,1,1,0.0909090909090909
19,2,1,0.181818181818182
19,3,1,0.272727272727273
19,4,1,0.363636363636364
19,5,1,0.454545454545455
19,6,0.833333333333333,0.454545454545455
19,7,0.714285714285714,0.454545454545455
19,8,0.625,0.454545454545455
19,9,0.555555555555556,0.454545454545455
19,10,0.6,0.545454545454545
19,11,0.545454545454545,0.545454545454545
19,12,0.5,0.545454545454545
19,13,0.461538461538462,0.545454545454545
19,14,0.428571428571429,0.545454545454545
19,15,0.4,0.545454545454545
19,16,0.4375,0.636363636363636
19,17,0.470588235294118,0.727272727272727
19,18,0.444444444444444,0.727272727272727
19,19,0.421052631578947,0.727272727272727
19,20,0.4,0.727272727272727
19,21,0.380952380952381,0.727272727272727
19,22,0.363636363636364,0.727272727272727
19,23,0.391304347826087,0.818181818181818
19,24,0.375,0.818181818181818
19,25,0.36,0.818181818181818
19,26,0.346153846153846,0.818181818181818
19,27,0.333333333333333,0.818181818181818
19,28,0.321428571428571,0.818181818181818
19,29,0.310344827586207,0.818181818181818
19,30,0.3,0.818181818181818
19,31,0.290322580645161,0.818181818181818
19,32,0.28125,0.818181818181818
19,33,0.272727272727273,0.818181818181818
19,34,0.264705882352941,0.818181818181818
19,35,0.257142857142857,0.818181818181818
19,36,0.25,0.818181818181818
19,37,0.243243243243243,0.818181818181818
19,38,0.236842105263158,0.818181818181818
19,39,0.230769230769231,0.818181818181818
19,40,0.225,0.818181818181818
19,41,0.219512195121951,0.818181818181818
19,42,0.214285714285714,0.818181818181818
19,43,0.209302325581395,0.818181818181818
19,44,0.204545454545455,0.818181818181818
19,45,0.2,0.818181818181818
19,46,0.195652173913043,0.818181818181818
19,47,0.191489361702128,0.818181818181818
19,48,0.1875,0.818181818181818
19,49,0.204081632653061,0.909090909090909
19,50,0.2,0.909090909090909
20,1,0,0
20,2,0.5,0.333333333333333
20,3,0.333333333333333,0.333333333333333
20,4,0.5,0.666666666666667
20,5,0.6,1
20,6,0.5,1
20,7,0.428571428571429,1
20,8,0.375,1
20,9,0.333333333333333,1
20,10,0.3,1
20,11,0.272727272727273,1
20,12,0.25,1
20,13,0.230769230769231,1
20,14,0.214285714285714,1
20,15,0.2,1
20,16,0.1875,1
20,17,0.176470588235294,1
20,18,0.166666666666667,1
20,19,0.157894736842105,1
20,20,0.15,1
20,21,0.142857142857143,1
20,22,0.136363636363636,1
20,23,0.130434782608696,1
20,24,0.125,1
20,25,0.12,1
20,26,0.115384615384615,1
20,27,0.111111111111111,1
20,28,0.107142857142857,1
20,29,0.103448275862069,1
20,30,0.1,1
20,31,0.0967741935483871,1
20,32,0.09375,1
20,33,0.0909090909090909,1
20,34,0.0882352941176471,1
20,35,0.0857142857142857,1
20,36,0.0833333333333333,1
20,37,0.0810810810810811,1
20,38,0.0789473684210526,1
20,39,0.0769230769230769,1
20,40,0.075,1
20,41,0.0731707317073171,1
20,42,0.0714285714285714,1
20,43,0.0697674418604651,1
20,44,0.0681818181818182,1
20,45,0.0666666666666667,1
20,46,0.0652173913043478,1
20,47,0.0638297872340425,1
20,48,0.0625,1
20,49,0.0612244897959184,1
20,50,0.06,1
21,1,0,0
21,2,0,0
21,3,0,0
21,4,0.25,0.0909090909090909
21,5,0.4,0.181818181818182
21,6,0.333333333333333,0.181818181818182
21,7,0.285714285714286,0.181818181818182
21,8,0.25,0.181818181818182
21,9,0.222222222222222,0.181818181818182
21,10,0.2,0.181818181818182
21,11,0.181818181818182,0.181818181818182
21,12,0.25,0.272727272727273
21,13,0.230769230769231,0.272727272727273
21,14,0.214285714285714,0.272727272727273
21,15,0.2,0.272727272727273
21,16,0.1875,0.272727272727273
21,17,0.176470588235294,0.272727272727273
21,18,0.166666666666667,0.272727272727273
21,19,0.157894736842105,0.272727272727273
21,20,0.15,0.272727272727273
21,21,0.142857142857143,0.272727272727273
21,22,0.136363636363636,0.272727272727273
21,23,0.130434782608696,0.272727272727273
21,24,0.125,0.272727272727273
21,25,0.16,0.363636363636364
21,26,0.153846153846154,0.363636363636364
21,27,0.148148148148148,0.363636363636364
21,28,0.142857142857143,0.363636363636364
21,29,0.137931034482759,0.363636363636364
21,30,0.133333333333333,0.363636363636364
21,31,0.129032258064516,0.363636363636364
21,32,0.125,0.363636363636364
21,33,0.121212121212121,0.363636363636364
21,34,0.117647058823529,0.363636363636364
21,35,0.114285714285714,0.363636363636364
21,36,0.138888888888889,0.454545454545455
21,37,0.135135135135135,0.454545454545455
21,38,0.131578947368421,0.454545454545455
21,39,0.128205128205128,0.454545454545455
21,40,0.125,0.454545454545455
21,41,0.121951219512195,0.454545454545455
21,42,0.119047619047619,0.454545454545455
21,43,0.116279069767442,0.454545454545455
21,44,0.113636363636364,0.454545454545455
21,45,0.111111111111111,0.454545454545455
21,46,0.108695652173913,0.454545454545455
21,47,0.106382978723404,0.454545454545455
21,48,0.104166666666667,0.454545454545455
21,49,0.102040816326531,0.454545454545455
21,50,0.1,0.454545454545455
22,1,1,0.0588235294117647
22,2,1,0.117647058823529
22,3,1,0.176470588235294
22,4,1,0.235294117647059
22,5,1,0.294117647058824
22,6,1,0.352941176470588
22,7,1,0.411764705882353
22,8,0.875,0.411764705882353
22,9,0.888888888888889,0.470588235294118
22,10,0.9,0.529411764705882
22,11,0.818181818181818,0.529411764705882
22,12,0.75,0.529411764705882
22,13,0.692307692307692,0.529411764705882
22,14,0.642857142857143,0.529411764705882
22,15,0.6,0.529411764705882
22,16,0.5625,0.529411764705882
22,17,0.529411764705882,0.529411764705882
22,18,0.5,0.529411764705882
22,19,0.473684210526316,0.529411764705882
22,20,0.45,0.529411764705882
22,21,0.428571428571429,0.529411764705882
22,22,0.409090909090909,0.529411764705882
22,23,0.391304347826087,0.529411764705882
22,24,0.375,0.529411764705882
22,25,0.36,0.529411764705882
22,26,0.384615384615385,0.588235294117647
22,27,0.37037037037037,0.588235294117647
22,28,0.357142857142857,0.588235294117647
22,29,0.344827586206897,0.588235294117647
22,30,0.333333333333333,0.588235294117647
22,31,0.32258064516129,0.588235294117647
22,32,0.34375,0.647058823529412
22,33,0.363636363636364,0.705882352941177
22,34,0.352941176470588,0.705882352941177
22,35,0.342857142857143,0.705882352941177
22,36,0.333333333333333,0.705882352941177
22,37,0.324324324324324,0.705882352941177
22,38,0.315789473684211,0.705882352941177
22,39,0.307692307692308,0.705882352941177
22,40,0.325,0.764705882352941
22,41,0.317073170731707,0.764705882352941
22,42,0.30952380952381,0.764705882352941
22,43,0.302325581395349,0.764705882352941
22,44,0.295454545454545,0.764705882352941
22,45,0.288888888888889,0.764705882352941
22,46,0.282608695652174,0.764705882352941
22,47,0.276595744680851,0.764705882352941
22,48,0.270833333333333,0.764705882352941
22,49,0.26530612244898,0.764705882352941
22,50,0.26,0.764705882352941
23,1,0,0
23,2,0,0
23,3,0,0
23,4,0,0
23,5,0,0
23,6,0,0
23,7,0,0
23,8,0,0
23,9,0,0
23,10,0,0
23,11,0,0
23,12,0,0
23,13,0,0
23,14,0,0
23,15,0,0
23,16,0,0
23,17,0,0
23,18,0,0
23,19,0,0
23,20,0,0
23,21,0,0
23,22,0,0
23,23,0,0
23,24,0,0
23,25,0,0
23,26,0,0
23,27,0,0
23,28,0.0357142857142857,0.25
23,29,0.0344827586206897,0.25
23,30,0.0333333333333333,0.25
23,31,0.032258064516129,0.25
23,32,0.03125,0.25
23,33,0.0303030303030303,0.25
23,34,0.0294117647058824,0.25
23,35,0.0285714285714286,0.25
23,36,0.0277777777777778,0.25
23,37,0.027027027027027,0.25
23,38,0.0263157894736842,0.25
23,39,0.0256410256410256,0.25
23,40,0.025,0.25
23,41,0.024390243902439,0.25
23,42,0.0476190476190476,0.5
23,43,0.0465116279069767,0.5
23,44,0.0454545454545455,0.5
23,45,0.0444444444444444,0.5
23,46,0.0652173913043478,0.75
23,47,0.0638297872340425,0.75
23,48,0.0625,0.75
23,49,0.0612244897959184,0.75
23,50,0.06,0.75
24,1,1,0.0769230769230769
24,2,1,0.153846153846154
24,3,0.666666666666667,0.153846153846154
24,4,0.5,0.153846153846154
24,5,0.4,0.153846153846154
24,6,0.333333333333333,0.153846153846154
24,7,0.285714285714286,0.153846153846154
24,8,0.25,0.153846153846154
24,9,0.222222222222222,0.153846153846154
24,10,0.2,0.153846153846154
24,11,0.181818181818182,0.153846153846154
24,12,0.166666666666667,0.153846153846154
24,13,0.230769230769231,0.230769230769231
24,14,0.214285714285714,0.230769230769231
24,15,0.2,0.230769230769231
24,16,0.1875,0.230769230769231
24,17,0.176470588235294,0.230769230769231
24,18,0.166666666666667,0.230769230769231
24,19,0.157894736842105,0.230769230769231
24,20,0.15,0.230769230769231
24,21,0.142857142857143,0.230769230769231
24,22,0.136363636363636,0.230769230769231
24,23,0.130434782608696,0.230769230769231
24,24,0.125,0.230769230769231
24,25,0.12,0.230769230769231
24,26,0.115384615384615,0.230769230769231
24,27,0.111111111111111,0.230769230769231
24,28,0.107142857142857,0.230769230769231
24,29,0.103448275862069,0.230769230769231
24,30,0.1,0.230769230769231
24,31,0.0967741935483871,0.230769230769231
24,32,0.09375,0.230769230769231
24,33,0.0909090909090909,0.230769230769231
24,34,0.0882352941176471,0.230769230769231
24,35,0.0857142857142857,0.230769230769231
24,36,0.0833333333333333,0.230769230769231
24,37,0.0810810810810811,0.230769230769231
24,38,0.0789473684210526,0.230769230769231
24,39,0.0769230769230769,0.230769230769231
24,40,0.075,0.230769230769231
24,41,0.0731707317073171,0.230769230769231
24,42,0.0714285714285714,0.230769230769231
24,43,0.0697674418604651,0.230769230769231
24,44,0.0681818181818182,0.230769230769231
24,45,0.0666666666666667,0.230769230769231
24,46,0.0652173913043478,0.230769230769231
24,47,0.0638297872340425,0.230769230769231
24,48,0.0625,0.230769230769231
24,49,0.0612244897959184,0.230769230769231
24,50,0.06,0.230769230769231
25,1,1,0.0196078431372549
25,2,1,0.0392156862745098
25,3,1,0.0588235294117647
25,4,1,0.0784313725490196
25,5,1,0.0980392156862745
25,6,1,0.117647058823529
25,7,1,0.137254901960784
25,8,1,0.156862745098039
25,9,1,0.176470588235294
25,10,0.9,0.176470588235294
25,11,0.818181818181818,0.176470588235294
25,12,0.833333333333333,0.196078431372549
25,13,0.846153846153846,0.215686274509804
25,14,0.857142857142857,0.235294117647059
25,15,0.8,0.235294117647059
25,16,0.75,0.235294117647059
25,17,0.705882352941177,0.235294117647059
25,18,0.666666666666667,0.235294117647059
25,19,0.684210526315789,0.254901960784314
25,20,0.65,0.254901960784314
25,21,0.619047619047619,0.254901960784314
25,22,0.590909090909091,0.254901960784314
25,23,0.608695652173913,0.274509803921569
25,24,0.583333333333333,0.274509803921569
25,25,0.56,0.274509803921569
25,26,0.538461538461538,0.274509803921569
25,27,0.555555555555556,0.294117647058824
25,28,0.535714285714286,0.294117647058824
25,29,0.517241379310345,0.294117647058824
25,30,0.533333333333333,0.313725490196078
25,31,0.516129032258065,0.313725490196078
25,32,0.5,0.313725490196078
25,33,0.484848484848485,0.313725490196078
25,34,0.5,0.333333333333333
25,35,0.485714285714286,0.333333333333333
25,36,0.472222222222222,0.333333333333333
25,37,0.459459459459459,0.333333333333333
25,38,0.447368421052632,0.333333333333333
25,39,0.461538461538462,0.352941176470588
25,40,0.45,0.352941176470588
25,41,0.463414634146341,0.372549019607843
25,42,0.452380952380952,0.372549019607843
25,43,0.441860465116279,0.372549019607843
25,44,0.431818181818182,0.372549019607843
25,45,0.422222222222222,0.372549019607843
25,46,0.41304347826087,0.372549019607843
25,47,0.425531914893617,0.392156862745098
25,48,0.4375,0.411764705882353
25,49,0.428571428571429,0.411764705882353
25,50,0.42,0.411764705882353
26,1,1,0.0333333333333333
26,2,1,0.0666666666666667
26,3,1,0.1
26,4,1,0.133333333333333
26,5,1,0.166666666666667
26,6,0.833333333333333,0.166666666666667
26,7,0.857142857142857,0.2
26,8,0.75,0.2
26,9,0.777777777777778,0.233333333333333
26,10,0.8,0.266666666666667
26,11,0.727272727272727,0.266666666666667
26,12,0.666666666666667,0.266666666666667
26,13,0.692307692307692,0.3
26,14,0.714285714285714,0.333333333333333
26,15,0.666666666666667,0.333333333333333
26,16,0.625,0.333333333333333
26,17,0.588235294117647,0.333333333333333
26,18,0.611111111111111,0.366666666666667
26,19,0.578947368421053,0.366666666666667
26,20,0.55,0.366666666666667
26,21,0.571428571428571,0.4
26,22,0.590909090909091,0.433333333333333
26,23,0.565217391304348,0.433333333333333
26,24,0.541666666666667,0.433333333333333
26,25,0.56,0.466666666666667
26,26,0.576923076923077,0.5
26,27,0.555555555555556,0.5
26,28,0.535714285714286,0.5
26,29,0.517241379310345,0.5
26,30,0.5,0.5
26,31,0.483870967741936,0.5
26,32,0.46875,0.5
26,33,0.454545454545455,0.5
26,34,0.441176470588235,0.5
26,35,0.428571428571429,0.5
26,36,0.416666666666667,0.5
26,37,0.405405405405405,0.5
26,38,0.394736842105263,0.5
26,39,0.384615384615385,0.5
26,40,0.375,0.5
26,41,0.365853658536585,0.5
26,42,0.357142857142857,0.5
26,43,0.348837209302326,0.5
26,44,0.340909090909091,0.5
26,45,0.333333333333333,0.5
26,46,0.326086956521739,0.5
26,47,0.319148936170213,0.5
26,48,0.3125,0.5
26,49,0.306122448979592,0.5
26,50,0.3,0.5
27,1,0,0
27,2,0.5,0.0344827586206897
27,3,0.333333333333333,0.0344827586206897
27,4,0.5,0.0689655172413793
27,5,0.4,0.0689655172413793
27,6,0.333333333333333,0.0689655172413793
27,7,0.428571428571429,0.103448275862069
27,8,0.375,0.103448275862069
27,9,0.444444444444444,0.137931034482759
27,10,0.4,0.137931034482759
27,11,0.454545454545455,0.172413793103448
27,12,0.416666666666667,0.172413793103448
27,13,0.384615384615385,0.172413793103448
27,14,0.428571428571429,0.206896551724138
27,15,0.4,0.206896551724138
27,16,0.375,0.206896551724138
27,17,0.352941176470588,0.206896551724138
27,18,0.388888888888889,0.241379310344828
27,19,0.368421052631579,0.241379310344828
27,20,0.35,0.241379310344828
27,21,0.333333333333333,0.241379310344828
27,22,0.318181818181818,0.241379310344828
27,23,0.304347826086957,0.241379310344828
27,24,0.291666666666667,0.241379310344828
27,25,0.28,0.241379310344828
27,26,0.307692307692308,0.275862068965517
27,27,0.333333333333333,0.310344827586207
27,28,0.321428571428571,0.310344827586207
27,29,0.310344827586207,0.310344827586207
27,30,0.3,0.310344827586207
27,31,0.32258064516129,0.344827586206897
27,32,0.3125,0.344827586206897
27,33,0.303030303030303,0.344827586206897
27,34,0.294117647058824,0.344827586206897
27,35,0.285714285714286,0.344827586206897
27,36,0.277777777777778,0.344827586206897
27,37,0.27027027027027,0.344827586206897
27,38,0.263157894736842,0.344827586206897
27,39,0.282051282051282,0.379310344827586
27,40,0.3,0.413793103448276
27,41,0.292682926829268,0.413793103448276
27,42,0.285714285714286,0.413793103448276
27,43,0.27906976744186,0.413793103448276
27,44,0.272727272727273,0.413793103448276
27,45,0.266666666666667,0.413793103448276
27,46,0.260869565217391,0.413793103448276
27,47,0.25531914893617,0.413793103448276
27,48,0.25,0.413793103448276
27,49,0.26530612244898,0.448275862068966
27,50,0.26,0.448275862068966
28,1,1,0.2
28,2,1,0.4
28,3,1,0.6
28,4,0.75,0.6
28,5,0.8,0.8
28,6,0.666666666666667,0.8
28,7,0.571428571428571,0.8
28,8,0.5,0.8
28,9,0.444444444444444,0.8
28,10,0.4,0.8
28,11,0.363636363636364,0.8
28,12,0.333333333333333,0.8
28,13,0.307692307692308,0.8
28,14,0.285714285714286,0.8
28,15,0.266666666666667,0.8
28,16,0.25,0.8
28,17,0.235294117647059,0.8
28,18,0.222222222222222,0.8
28,19,0.210526315789474,0.8
28,20,0.2,0.8
28,21,0.19047619047619,0.8
28,22,0.181818181818182,0.8
28,23,0.173913043478261,0.8
28,24,0.166666666666667,0.8
28,25,0.16,0.8
28,26,0.153846153846154,0.8
28,27,0.148148148148148,0.8
28,28,0.142857142857143,0.8
28,29,0.137931034482759,0.8
28,30,0.133333333333333,0.8
28,31,0.129032258064516,0.8
28,32,0.125,0.8
28,33,0.121212121212121,0.8
28,34,0.117647058823529,0.8
28,35,0.114285714285714,0.8
28,36,0.111111111111111,0.8
28,37,0.108108108108108,0.8
28,38,0.105263157894737,0.8
28,39,0.102564102564103,0.8
28,40,0.1,0.8
28,41,0.0975609756097561,0.8
28,42,0.0952380952380952,0.8
28,43,0.0930232558139535,0.8
28,44,0.0909090909090909,0.8
28,45,0.0888888888888889,0.8
28,46,0.0869565217391304,0.8
28,47,0.0851063829787234,0.8
28,48,0.0833333333333333,0.8
28,49,0.0816326530612245,0.8
28,50,0.08,0.8
29,1,1,0.0526315789473684
29,2,1,0.105263157894737
29,3,1,0.157894736842105
29,4,1,0.210526315789474
29,5,1,0.263157894736842
29,6,0.833333333333333,0.263157894736842
29,7,0.857142857142857,0.315789473684211
29,8,0.875,0.368421052631579
29,9,0.888888888888889,0.421052631578947
29,10,0.9,0.473684210526316
29,11,0.818181818181818,0.473684210526316
29,12,0.75,0.473684210526316
29,13,0.692307692307692,0.473684210526316
29,14,0.642857142857143,0.473684210526316
29,15,0.666666666666667,0.526315789473684
29,16,0.6875,0.578947368421053
29,17,0.705882352941177,0.631578947368421
29,18,0.722222222222222,0.684210526315789
29,19,0.684210526315789,0.684210526315789
29,20,0.65,0.684210526315789
29,21,0.619047619047619,0.684210526315789
29,22,0.590909090909091,0.684210526315789
29,23,0.565217391304348,0.684210526315789
29,24,0.541666666666667,0.684210526315789
29,25,0.52,0.684210526315789
29,26,0.5,0.684210526315789
29,27,0.481481481481481,0.684210526315789
29,28,0.464285714285714,0.684210526315789
29,29,0.448275862068966,0.684210526315789
29,30,0.433333333333333,0.684210526315789
29,31,0.419354838709677,0.684210526315789
29,32,0.40625,0.684210526315789
29,33,0.424242424242424,0.736842105263158
29,34,0.411764705882353,0.736842105263158
29,35,0.4,0.736842105263158
29,36,0.388888888888889,0.736842105263158
29,37,0.378378378378378,0.736842105263158
29,38,0.394736842105263,0.789473684210526
29,39,0.384615384615385,0.789473684210526
29,40,0.375,0.789473684210526
29,41,0.390243902439024,0.842105263157895
29,42,0.404761904761905,0.894736842105263
29,43,0.395348837209302,0.894736842105263
29,44,0.386363636363636,0.894736842105263
29,45,0.377777777777778,0.894736842105263
29,46,0.369565217391304,0.894736842105263
29,47,0.361702127659574,0.894736842105263
29,48,0.354166666666667,0.894736842105263
29,49,0.346938775510204,0.894736842105263
29,50,0.34,0.894736842105263
30,1,1,0.25
30,2,0.5,0.25
30,3,0.333333333333333,0.25
30,4,0.25,0.25
30,5,0.2,0.25
30,6,0.166666666666667,0.25
30,7,0.142857142857143,0.25
30,8,0.125,0.25
30,9,0.222222222222222,0.5
30,10,0.2,0.5
30,11,0.272727272727273,0.75
30,12,0.25,0.75
30,13,0.230769230769231,0.75
30,14,0.214285714285714,0.75
30,15,0.2,0.75
30,16,0.1875,0.75
30,17,0.176470588235294,0.75
30,18,0.166666666666667,0.75
30,19,0.157894736842105,0.75
30,20,0.15,0.75
30,21,0.142857142857143,0.75
30,22,0.136363636363636,0.75
30,23,0.130434782608696,0.75
30,24,0.125,0.75
30,25,0.12,0.75
30,26,0.115384615384615,0.75
30,27,0.111111111111111,0.75
30,28,0.107142857142857,0.75
30,29,0.103448275862069,0.75
30,30,0.1,0.75
30,31,0.0967741935483871,0.75
30,32,0.09375,0.75
30,33,0.0909090909090909,0.75
30,34,0.0882352941176471,0.75
30,35,0.0857142857142857,0.75
30,36,0.0833333333333333,0.75
30,37,0.0810810810810811,0.75
30,38,0.0789473684210526,0.75
30,39,0.102564102564103,1
30,40,0.1,1
30,41,0.0975609756097561,1
30,42,0.0952380952380952,1
30,43,0.0930232558139535,1
30,44,0.0909090909090909,1
30,45,0.0888888888888889,1
30,46,0.0869565217391304,1
30,47,0.0851063829787234,1
30,48,0.0833333333333333,1
30,49,0.0816326530612245,1
30,50,0.08,1
31,1,1,0.5
31,2,1,1
31,3,0.666666666666667,1
31,4,0.5,1
31,5,0.4,1
31,6,0.333333333333333,1
31,7,0.285714285714286,1
31,8,0.25,1
31,9,0.222222222222222,1
31,10,0.2,1
31,11,0.181818181818182,1
31,12,0.166666666666667,1
31,13,0.153846153846154,1
31,14,0.142857142857143,1
31,15,0.133333333333333,1
31,16,0.125,1
31,17,0.117647058823529,1
31,18,0.111111111111111,1
31,19,0.105263157894737,1
31,20,0.1,1
31,21,0.0952380952380952,1
31,22,0.0909090909090909,1
31,23,0.0869565217391304,1
31,24,0.0833333333333333,1
31,25,0.08,1
31,26,0.0769230769230769,1
31,27,0.0740740740740741,1
31,28,0.0714285714285714,1
31,29,0.0689655172413793,1
31,30,0.0666666666666667,1
31,31,0.0645161290322581,1
31,32,0.0625,1
31,33,0.0606060606060606,1
31,34,0.0588235294117647,1
31,35,0.0571428571428571,1
31,36,0.0555555555555556,1
31,37,0.0540540540540541,1
31,38,0.0526315789473684,1
31,39,0.0512820512820513,1
31,40,0.05,1
31,41,0.0487804878048781,1
31,42,0.0476190476190476,1
31,43,0.0465116279069767,1
31,44,0.0454545454545455,1
31,45,0.0444444444444444,1
31,46,0.0434782608695652,1
31,47,0.0425531914893617,1
31,48,0.0416666666666667,1
31,49,0.0408163265306122,1
31,50,0.04,1
32,1,1,0.333333333333333
32,2,0.5,0.333333333333333
32,3,0.333333333333333,0.333333333333333
32,4,0.25,0.333333333333333
32,5,0.4,0.666666666666667
32,6,0.333333333333333,0.666666666666667
32,7,0.285714285714286,0.666666666666667
32,8,0.25,0.666666666666667
32,9,0.222222222222222,0.666666666666667
32,10,0.2,0.666666666666667
32,11,0.181818181818182,0.666666666666667
32,12,0.166666666666667,0.666666666666667
32,13,0.153846153846154,0.666666666666667
32,14,0.142857142857143,0.666666666666667
32,15,0.133333333333333,0.666666666666667
32,16,0.125,0.666666666666667
32,17,0.117647058823529,0.666666666666667
32,18,0.111111111111111,0.666666666666667
32,19,0.105263157894737,0.666666666666667
32,20,0.1,0.666666666666667
32,21,0.0952380952380952,0.666666666666667
32,22,0.0909090909090909,0.666666666666667
32,23,0.0869565217391304,0.666666666666667
32,24,0.0833333333333333,0.666666666666667
32,25,0.08,0.666666666666667
32,26,0.0769230769230769,0.666666666666667
32,27,0.0740740740740741,0.666666666666667
32,28,0.0714285714285714,0.666666666666667
32,29,0.0689655172413793,0.666666666666667
32,30,0.0666666666666667,0.666666666666667
32,31,0.0645161290322581,0.666666666666667
32,32,0.0625,0.666666666666667
32,33,0.0606060606060606,0.666666666666667
32,34,0.0588235294117647,0.666666666666667
32,35,0.0571428571428571,0.666666666666667
32,36,0.0555555555555556,0.666666666666667
32,37,0.0540540540540541,0.666666666666667
32,38,0.0526315789473684,0.666666666666667
32,39,0.0512820512820513,0.666666666666667
32,40,0.05,0.666666666666667
32,41,0.0487804878048781,0.666666666666667
32,42,0.0476190476190476,0.666666666666667
32,43,0.0465116279069767,0.666666666666667
32,44,0.0454545454545455,0.666666666666667
32,45,0.0444444444444444,0.666666666666667
32,46,0.0434782608695652,0.666666666666667
32,47,0.0425531914893617,0.666666666666667
32,48,0.0416666666666667,0.666666666666667
32,49,0.0408163265306122,0.666666666666667
32,50,0.04,0.666666666666667
33,1,0,0
33,2,0,0
33,3,0.333333333333333,1
33,4,0.25,1
33,5,0.2,1
33,6,0.166666666666667,1
33,7,0.142857142857143,1
33,8,0.125,1
33,9,0.111111111111111,1
33,10,0.1,1
33,11,0.0909090909090909,1
33,12,0.0833333333333333,1
33,13,0.0769230769230769,1
33,14,0.0714285714285714,1
33,15,0.0666666666666667,1
33,16,0.0625,1
33,17,0.0588235294117647,1
33,18,0.0555555555555556,1
33,19,0.0526315789473684,1
33,20,0.05,1
33,21,0.0476190476190476,1
33,22,0.0454545454545455,1
33,23,0.0434782608695652,1
33,24,0.0416666666666667,1
33,25,0.04,1
33,26,0.0384615384615385,1
33,27,0.037037037037037,1
33,28,0.0357142857142857,1
33,29,0.0344827586206897,1
33,30,0.0333333333333333,1
33,31,0.032258064516129,1
33,32,0.03125,1
33,33,0.0303030303030303,1
33,34,0.0294117647058824,1
33,35,0.0285714285714286,1
33,36,0.0277777777777778,1
33,37,0.027027027027027,1
33,38,0.0263157894736842,1
33,39,0.0256410256410256,1
33,40,0.025,1
33,41,0.024390243902439,1
33,42,0.0238095238095238,1
33,43,0.0232558139534884,1
33,44,0.0227272727272727,1
33,45,0.0222222222222222,1
33,46,0.0217391304347826,1
33,47,0.0212765957446809,1
33,48,0.0208333333333333,1
33,49,0.0204081632653061,1
33,50,0.02,1
36,1,1,0.05
36,2,1,0.1
36,3,1,0.15
36,4,0.75,0.15
36,5,0.6,0.15
36,6,0.666666666666667,0.2
36,7,0.571428571428571,0.2
36,8,0.625,0.25
36,9,0.555555555555556,0.25
36,10,0.5,0.25
36,11,0.454545454545455,0.25
36,12,0.5,0.3
36,13,0.538461538461538,0.35
36,14,0.5,0.35
36,15,0.466666666666667,0.35
36,16,0.4375,0.35
36,17,0.411764705882353,0.35
36,18,0.388888888888889,0.35
36,19,0.368421052631579,0.35
36,20,0.35,0.35
36,21,0.333333333333333,0.35
36,22,0.318181818181818,0.35
36,23,0.304347826086957,0.35
36,24,0.291666666666667,0.35
36,25,0.28,0.35
36,26,0.269230769230769,0.35
36,27,0.259259259259259,0.35
36,28,0.25,0.35
36,29,0.241379310344828,0.35
36,30,0.233333333333333,0.35
36,31,0.225806451612903,0.35
36,32,0.25,0.4
36,33,0.242424242424242,0.4
36,34,0.235294117647059,0.4
36,35,0.228571428571429,0.4
36,36,0.222222222222222,0.4
36,37,0.216216216216216,0.4
36,38,0.210526315789474,0.4
36,39,0.205128205128205,0.4
36,40,0.225,0.45
36,41,0.219512195121951,0.45
36,42,0.214285714285714,0.45
36,43,0.209302325581395,0.45
36,44,0.204545454545455,0.45
36,45,0.2,0.45
36,46,0.195652173913043,0.45
36,47,0.191489361702128,0.45
36,48,0.1875,0.45
36,49,0.183673469387755,0.45
36,50,0.18,0.45
37,1,0,0
37,2,0.5,0.0833333333333333
37,3,0.333333333333333,0.0833333333333333
37,4,0.25,0.0833333333333333
37,5,0.4,0.166666666666667
37,6,0.333333333333333,0.166666666666667
37,7,0.285714285714286,0.166666666666667
37,8,0.25,0.166666666666667
37,9,0.222222222222222,0.166666666666667
37,10,0.2,0.166666666666667
37,11,0.181818181818182,0.166666666666667
37,12,0.166666666666667,0.166666666666667
37,13,0.230769230769231,0.25
37,14,0.214285714285714,0.25
37,15,0.2,0.25
37,16,0.1875,0.25
37,17,0.176470588235294,0.25
37,18,0.166666666666667,0.25
37,19,0.157894736842105,0.25
37,20,0.15,0.25
37,21,0.142857142857143,0.25
37,22,0.181818181818182,0.333333333333333
37,23,0.173913043478261,0.333333333333333
37,24,0.166666666666667,0.333333333333333
37,25,0.16,0.333333333333333
37,26,0.153846153846154,0.333333333333333
37,27,0.148148148148148,0.333333333333333
37,28,0.142857142857143,0.333333333333333
37,29,0.137931034482759,0.333333333333333
37,30,0.133333333333333,0.333333333333333
37,31,0.129032258064516,0.333333333333333
37,32,0.125,0.333333333333333
37,33,0.121212121212121,0.333333333333333
37,34,0.117647058823529,0.333333333333333
37,35,0.142857142857143,0.416666666666667
37,36,0.138888888888889,0.416666666666667
37,37,0.135135135135135,0.416666666666667
37,38,0.131578947368421,0.416666666666667
37,39,0.128205128205128,0.416666666666667
37,40,0.125,0.416666666666667
37,41,0.121951219512195,0.416666666666667
37,42,0.119047619047619,0.416666666666667
37,43,0.116279069767442,0.416666666666667
37,44,0.113636363636364,0.416666666666667
37,45,0.111111111111111,0.416666666666667
37,46,0.108695652173913,0.416666666666667
37,47,0.106382978723404,0.416666666666667
37,48,0.104166666666667,0.416666666666667
37,49,0.102040816326531,0.416666666666667
37,50,0.1,0.416666666666667
38,1,1,0.0625
38,2,0.5,0.0625
38,3,0.666666666666667,0.125
38,4,0.75,0.1875
38,5,0.6,0.1875
38,6,0.666666666666667,0.25
38,7,0.714285714285714,0.3125
38,8,0.625,0.3125
38,9,0.666666666666667,0.375
38,10,0.7,0.4375
38,11,0.636363636363636,0.4375
38,12,0.583333333333333,0.4375
38,13,0.538461538461538,0.4375
38,14,0.5,0.4375
38,15,0.466666666666667,0.4375
38,16,0.5,0.5
38,17,0.529411764705882,0.5625
38,18,0.5,0.5625
38,19,0.526315789473684,0.625
38,20,0.5,0.625
38,21,0.476190476190476,0.625
38,22,0.454545454545455,0.625
38,23,0.434782608695652,0.625
38,24,0.416666666666667,0.625
38,25,0.4,0.625
38,26,0.384615384615385,0.625
38,27,0.407407407407407,0.6875
38,28,0.392857142857143,0.6875
38,29,0.379310344827586,0.6875
38,30,0.366666666666667,0.6875
38,31,0.354838709677419,0.6875
38,32,0.34375,0.6875
38,33,0.333333333333333,0.6875
38,34,0.323529411764706,0.6875
38,35,0.314285714285714,0.6875
38,36,0.305555555555556,0.6875
38,37,0.297297297297297,0.6875
38,38,0.289473684210526,0.6875
38,39,0.282051282051282,0.6875
38,40,0.275,0.6875
38,41,0.268292682926829,0.6875
38,42,0.261904761904762,0.6875
38,43,0.255813953488372,0.6875
38,44,0.25,0.6875
38,45,0.244444444444444,0.6875
38,46,0.239130434782609,0.6875
38,47,0.234042553191489,0.6875
38,48,0.229166666666667,0.6875
38,49,0.224489795918367,0.6875
38,50,0.22,0.6875
39,1,0,0
39,2,0.5,0.0833333333333333
39,3,0.333333333333333,0.0833333333333333
39,4,0.5,0.166666666666667
39,5,0.4,0.166666666666667
39,6,0.333333333333333,0.166666666666667
39,7,0.285714285714286,0.166666666666667
39,8,0.25,0.166666666666667
39,9,0.222222222222222,0.166666666666667
39,10,0.2,0.166666666666667
39,11,0.181818181818182,0.166666666666667
39,12,0.166666666666667,0.166666666666667
39,13,0.230769230769231,0.25
39,14,0.285714285714286,0.333333333333333
39,15,0.266666666666667,0.333333333333333
39,16,0.3125,0.416666666666667
39,17,0.294117647058824,0.416666666666667
39,18,0.277777777777778,0.416666666666667
39,19,0.315789473684211,0.5
39,20,0.35,0.583333333333333
39,21,0.333333333333333,0.583333333333333
39,22,0.318181818181818,0.583333333333333
39,23,0.304347826086957,0.583333333333333
39,24,0.291666666666667,0.583333333333333
39,25,0.28,0.583333333333333
39,26,0.269230769230769,0.583333333333333
39,27,0.259259259259259,0.583333333333333
39,28,0.25,0.583333333333333
39,29,0.241379310344828,0.583333333333333
39,30,0.233333333333333,0.583333333333333
39,31,0.225806451612903,0.583333333333333
39,32,0.21875,0.583333333333333
39,33,0.212121212121212,0.583333333333333
39,34,0.205882352941176,0.583333333333333
39,35,0.228571428571429,0.666666666666667
39,36,0.222222222222222,0.666666666666667
39,37,0.216216216216216,0.666666666666667
39,38,0.210526315789474,0.666666666666667
39,39,0.205128205128205,0.666666666666667
39,40,0.2,0.666666666666667
39,41,0.195121951219512,0.666666666666667
39,42,0.19047619047619,0.666666666666667
39,43,0.186046511627907,0.666666666666667
39,44,0.181818181818182,0.666666666666667
39,45,0.177777777777778,0.666666666666667
39,46,0.173913043478261,0.666666666666667
39,47,0.170212765957447,0.666666666666667
39,48,0.166666666666667,0.666666666666667
39,49,0.163265306122449,0.666666666666667
39,50,0.16,0.666666666666667
40,1,1,0.1
40,2,0.5,0.1
40,3,0.333333333333333,0.1
40,4,0.5,0.2
40,5,0.6,0.3
40,6,0.5,0.3
40,7,0.428571428571429,0.3
40,8,0.375,0.3
40,9,0.333333333333333,0.3
40,10,0.3,0.3
40,11,0.363636363636364,0.4
40,12,0.416666666666667,0.5
40,13,0.384615384615385,0.5
40,14,0.357142857142857,0.5
40,15,0.333333333333333,0.5
40,16,0.3125,0.5
40,17,0.294117647058824,0.5
40,18,0.277777777777778,0.5
40,19,0.263157894736842,0.5
40,20,0.25,0.5
40,21,0.238095238095238,0.5
40,22,0.227272727272727,0.5
40,23,0.217391304347826,0.5
40,24,0.208333333333333,0.5
40,25,0.2,0.5
40,26,0.192307692307692,0.5
40,27,0.185185185185185,0.5
40,28,0.178571428571429,0.5
40,29,0.172413793103448,0.5
40,30,0.166666666666667,0.5
40,31,0.161290322580645,0.5
40,32,0.1875,0.6
40,33,0.181818181818182,0.6
40,34,0.205882352941176,0.7
40,35,0.2,0.7
40,36,0.194444444444444,0.7
40,37,0.189189189189189,0.7
40,38,0.184210526315789,0.7
40,39,0.179487179487179,0.7
40,40,0.175,0.7
40,41,0.170731707317073,0.7
40,42,0.166666666666667,0.7
40,43,0.186046511627907,0.8
40,44,0.181818181818182,0.8
40,45,0.177777777777778,0.8
40,46,0.195652173913043,0.9
40,47,0.191489361702128,0.9
40,48,0.1875,0.9
40,49,0.183673469387755,0.9
40,50,0.18,0.9
42,1,0,0
42,2,0,0
42,3,0,0
42,4,0,0
42,5,0.2,0.0476190476190476
42,6,0.166666666666667,0.0476190476190476
42,7,0.142857142857143,0.0476190476190476
42,8,0.25,0.0952380952380952
42,9,0.333333333333333,0.142857142857143
42,10,0.3,0.142857142857143
42,11,0.272727272727273,0.142857142857143
42,12,0.25,0.142857142857143
42,13,0.307692307692308,0.19047619047619
42,14,0.285714285714286,0.19047619047619
42,15,0.266666666666667,0.19047619047619
42,16,0.25,0.19047619047619
42,17,0.235294117647059,0.19047619047619
42,18,0.222222222222222,0.19047619047619
42,19,0.210526315789474,0.19047619047619
42,20,0.2,0.19047619047619
42,21,0.19047619047619,0.19047619047619
42,22,0.181818181818182,0.19047619047619
42,23,0.217391304347826,0.238095238095238
42,24,0.208333333333333,0.238095238095238
42,25,0.2,0.238095238095238
42,26,0.192307692307692,0.238095238095238
42,27,0.185185185185185,0.238095238095238
42,28,0.178571428571429,0.238095238095238
42,29,0.172413793103448,0.238095238095238
42,30,0.166666666666667,0.238095238095238
42,31,0.161290322580645,0.238095238095238
42,32,0.15625,0.238095238095238
42,33,0.151515151515152,0.238095238095238
42,34,0.147058823529412,0.238095238095238
42,35,0.142857142857143,0.238095238095238
42,36,0.138888888888889,0.238095238095238
42,37,0.135135135135135,0.238095238095238
42,38,0.131578947368421,0.238095238095238
42,39,0.128205128205128,0.238095238095238
42,40,0.125,0.238095238095238
42,41,0.121951219512195,0.238095238095238
42,42,0.119047619047619,0.238095238095238
42,43,0.116279069767442,0.238095238095238
42,44,0.113636363636364,0.238095238095238
42,45,0.111111111111111,0.238095238095238
42,46,0.108695652173913,0.238095238095238
42,47,0.106382978723404,0.238095238095238
42,48,0.104166666666667,0.238095238095238
42,49,0.102040816326531,0.238095238095238
42,50,0.1,0.238095238095238
43,1,0,0
43,2,0,0
43,3,0,0
43,4,0.25,0.024390243902439
43,5,0.4,0.0487804878048781
43,6,0.5,0.0731707317073171
43,7,0.428571428571429,0.0731707317073171
43,8,0.375,0.0731707317073171
43,9,0.444444444444444,0.0975609756097561
43,10,0.4,0.0975609756097561
43,11,0.363636363636364,0.0975609756097561
43,12,0.416666666666667,0.121951219512195
43,13,0.384615384615385,0.121951219512195
43,14,0.357142857142857,0.121951219512195
43,15,0.333333333333333,0.121951219512195
43,16,0.375,0.146341463414634
43,17,0.411764705882353,0.170731707317073
43,18,0.388888888888889,0.170731707317073
43,19,0.421052631578947,0.195121951219512
43,20,0.4,0.195121951219512
43,21,0.428571428571429,0.219512195121951
43,22,0.454545454545455,0.24390243902439
43,23,0.434782608695652,0.24390243902439
43,24,0.416666666666667,0.24390243902439
43,25,0.44,0.268292682926829
43,26,0.461538461538462,0.292682926829268
43,27,0.444444444444444,0.292682926829268
43,28,0.428571428571429,0.292682926829268
43,29,0.448275862068966,0.317073170731707
43,30,0.433333333333333,0.317073170731707
43,31,0.419354838709677,0.317073170731707
43,32,0.40625,0.317073170731707
43,33,0.393939393939394,0.317073170731707
43,34,0.382352941176471,0.317073170731707
43,35,0.371428571428571,0.317073170731707
43,36,0.361111111111111,0.317073170731707
43,37,0.351351351351351,0.317073170731707
43,38,0.342105263157895,0.317073170731707
43,39,0.333333333333333,0.317073170731707
43,40,0.325,0.317073170731707
43,41,0.317073170731707,0.317073170731707
43,42,0.30952380952381,0.317073170731707
43,43,0.325581395348837,0.341463414634146
43,44,0.318181818181818,0.341463414634146
43,45,0.311111111111111,0.341463414634146
43,46,0.304347826086957,0.341463414634146
43,47,0.297872340425532,0.341463414634146
43,48,0.291666666666667,0.341463414634146
43,49,0.285714285714286,0.341463414634146
43,50,0.28,0.341463414634146
44,1,1,0.0588235294117647
44,2,1,0.117647058823529
44,3,0.666666666666667,0.117647058823529
44,4,0.5,0.117647058823529
44,5,0.4,0.117647058823529
44,6,0.333333333333333,0.117647058823529
44,7,0.285714285714286,0.117647058823529
44,8,0.25,0.117647058823529
44,9,0.222222222222222,0.117647058823529
44,10,0.2,0.117647058823529
44,11,0.181818181818182,0.117647058823529
44,12,0.166666666666667,0.117647058823529
44,13,0.153846153846154,0.117647058823529
44,14,0.142857142857143,0.117647058823529
44,15,0.133333333333333,0.117647058823529
44,16,0.125,0.117647058823529
44,17,0.117647058823529,0.117647058823529
44,18,0.111111111111111,0.117647058823529
44,19,0.105263157894737,0.117647058823529
44,20,0.1,0.117647058823529
44,21,0.0952380952380952,0.117647058823529
44,22,0.0909090909090909,0.117647058823529
44,23,0.0869565217391304,0.117647058823529
44,24,0.0833333333333333,0.117647058823529
44,25,0.08,0.117647058823529
44,26,0.0769230769230769,0.117647058823529
44,27,0.0740740740740741,0.117647058823529
44,28,0.0714285714285714,0.117647058823529
44,29,0.0689655172413793,0.117647058823529
44,30,0.0666666666666667,0.117647058823529
44,31,0.0645161290322581,0.117647058823529
44,32,0.0625,0.117647058823529
44,33,0.0606060606060606,0.117647058823529
44,34,0.0588235294117647,0.117647058823529
44,35,0.0571428571428571,0.117647058823529
44,36,0.0555555555555556,0.117647058823529
44,37,0.0540540540540541,0.117647058823529
44,38,0.0526315789473684,0.117647058823529
44,39,0.0512820512820513,0.117647058823529
44,40,0.05,0.117647058823529
44,41,0.0487804878048781,0.117647058823529
44,42,0.0476190476190476,0.117647058823529
44,43,0.0465116279069767,0.117647058823529
44,44,0.0454545454545455,0.117647058823529
44,45,0.0444444444444444,0.117647058823529
44,46,0.0434782608695652,0.117647058823529
44,47,0.0425531914893617,0.117647058823529
44,48,0.0416666666666667,0.117647058823529
44,49,0.0408163265306122,0.117647058823529
44,50,0.04,0.117647058823529
45,1,1,0.0384615384615385
45,2,0.5,0.0384615384615385
45,3,0.666666666666667,0.0769230769230769
45,4,0.75,0.115384615384615
45,5,0.6,0.115384615384615
45,6,0.5,0.115384615384615
45,7,0.428571428571429,0.115384615384615
45,8,0.375,0.115384615384615
45,9,0.333333333333333,0.115384615384615
45,10,0.4,0.153846153846154
45,11,0.363636363636364,0.153846153846154
45,12,0.333333333333333,0.153846153846154
45,13,0.307692307692308,0.153846153846154
45,14,0.357142857142857,0.192307692307692
45,15,0.333333333333333,0.192307692307692
45,16,0.3125,0.192307692307692
45,17,0.294117647058824,0.192307692307692
45,18,0.277777777777778,0.192307692307692
45,19,0.263157894736842,0.192307692307692
45,20,0.25,0.192307692307692
45,21,0.285714285714286,0.230769230769231
45,22,0.272727272727273,0.230769230769231
45,23,0.260869565217391,0.230769230769231
45,24,0.25,0.230769230769231
45,25,0.24,0.230769230769231
45,26,0.230769230769231,0.230769230769231
45,27,0.222222222222222,0.230769230769231
45,28,0.214285714285714,0.230769230769231
45,29,0.206896551724138,0.230769230769231
45,30,0.2,0.230769230769231
45,31,0.193548387096774,0.230769230769231
45,32,0.21875,0.269230769230769
45,33,0.212121212121212,0.269230769230769
45,34,0.205882352941176,0.269230769230769
45,35,0.2,0.269230769230769
45,36,0.194444444444444,0.269230769230769
45,37,0.216216216216216,0.307692307692308
45,38,0.210526315789474,0.307692307692308
45,39,0.205128205128205,0.307692307692308
45,40,0.2,0.307692307692308
45,41,0.195121951219512,0.307692307692308
45,42,0.19047619047619,0.307692307692308
45,43,0.186046511627907,0.307692307692308
45,44,0.181818181818182,0.307692307692308
45,45,0.177777777777778,0.307692307692308
45,46,0.173913043478261,0.307692307692308
45,47,0.170212765957447,0.307692307692308
45,48,0.166666666666667,0.307692307692308
45,49,0.163265306122449,0.307692307692308
45,50,0.16,0.307692307692308
48,1,1,0.0833333333333333
48,2,0.5,0.0833333333333333
48,3,0.333333333333333,0.0833333333333333
48,4,0.25,0.0833333333333333
48,5,0.2,0.0833333333333333
48,6,0.166666666666667,0.0833333333333333
48,7,0.142857142857143,0.0833333333333333
48,8,0.125,0.0833333333333333
48,9,0.111111111111111,0.0833333333333333
48,10,0.1,0.0833333333333333
48,11,0.0909090909090909,0.0833333333333333
48,12,0.0833333333333333,0.0833333333333333
48,13,0.0769230769230769,0.0833333333333333
48,14,0.0714285714285714,0.0833333333333333
48,15,0.0666666666666667,0.0833333333333333
48,16,0.0625,0.0833333333333333
48,17,0.0588235294117647,0.0833333333333333
48,18,0.0555555555555556,0.0833333333333333
48,19,0.0526315789473684,0.0833333333333333
48,20,0.05,0.0833333333333333
48,21,0.0476190476190476,0.0833333333333333
48,22,0.0454545454545455,0.0833333333333333
48,23,0.0434782608695652,0.0833333333333333
48,24,0.0416666666666667,0.0833333333333333
48,25,0.04,0.0833333333333333
48,26,0.0384615384615385,0.0833333333333333
48,27,0.037037037037037,0.0833333333333333
48,28,0.0714285714285714,0.166666666666667
48,29,0.0689655172413793,0.166666666666667
48,30,0.0666666666666667,0.166666666666667
48,31,0.0645161290322581,0.166666666666667
48,32,0.0625,0.166666666666667
48,33,0.0606060606060606,0.166666666666667
48,34,0.0588235294117647,0.166666666666667
48,35,0.0571428571428571,0.166666666666667
48,36,0.0555555555555556,0.166666666666667
48,37,0.0540540540540541,0.166666666666667
48,38,0.0526315789473684,0.166666666666667
48,39,0.0512820512820513,0.166666666666667
48,40,0.05,0.166666666666667
48,41,0.0487804878048781,0.166666666666667
48,42,0.0714285714285714,0.25
48,43,0.0697674418604651,0.25
48,44,0.0681818181818182,0.25
48,45,0.0666666666666667,0.25
48,46,0.0652173913043478,0.25
48,47,0.0638297872340425,0.25
48,48,0.0625,0.25
48,49,0.0612244897959184,0.25
48,50,0.06,0.25
49,1,1,0.125
49,2,0.5,0.125
49,3,0.333333333333333,0.125
49,4,0.25,0.125
49,5,0.2,0.125
49,6,0.166666666666667,0.125
49,7,0.142857142857143,0.125
49,8,0.125,0.125
49,9,0.222222222222222,0.25
49,10,0.2,0.25
49,11,0.181818181818182,0.25
49,12,0.25,0.375
49,13,0.230769230769231,0.375
49,14,0.214285714285714,0.375
49,15,0.2,0.375
49,16,0.25,0.5
49,17,0.235294117647059,0.5
49,18,0.222222222222222,0.5
49,19,0.210526315789474,0.5
49,20,0.2,0.5
49,21,0.19047619047619,0.5
49,22,0.181818181818182,0.5
49,23,0.173913043478261,0.5
49,24,0.166666666666667,0.5
49,25,0.16,0.5
49,26,0.153846153846154,0.5
49,27,0.148148148148148,0.5
49,28,0.142857142857143,0.5
49,29,0.137931034482759,0.5
49,30,0.133333333333333,0.5
49,31,0.129032258064516,0.5
49,32,0.125,0.5
49,33,0.121212121212121,0.5
49,34,0.117647058823529,0.5
49,35,0.114285714285714,0.5
49,36,0.111111111111111,0.5
49,37,0.108108108108108,0.5
49,38,0.105263157894737,0.5
49,39,0.102564102564103,0.5
49,40,0.1,0.5
49,41,0.0975609756097561,0.5
49,42,0.0952380952380952,0.5
49,43,0.0930232558139535,0.5
49,44,0.0909090909090909,0.5
49,45,0.0888888888888889,0.5
49,46,0.0869565217391304,0.5
49,47,0.0851063829787234,0.5
49,48,0.0833333333333333,0.5
49,49,0.0816326530612245,0.5
49,50,0.08,0.5
57,1,0,0
57,2,0.5,1
57,3,0.333333333333333,1
57,4,0.25,1
57,5,0.2,1
57,6,0.166666666666667,1
57,7,0.142857142857143,1
57,8,0.125,1
57,9,0.111111111111111,1
57,10,0.1,1
57,11,0.0909090909090909,1
57,12,0.0833333333333333,1
57,13,0.0769230769230769,1
57,14,0.0714285714285714,1
57,15,0.0666666666666667,1
57,16,0.0625,1
57,17,0.0588235294117647,1
57,18,0.0555555555555556,1
57,19,0.0526315789473684,1
57,20,0.05,1
57,21,0.0476190476190476,1
57,22,0.0454545454545455,1
57,23,0.0434782608695652,1
57,24,0.0416666666666667,1
57,25,0.04,1
57,26,0.0384615384615385,1
57,27,0.037037037037037,1
57,28,0.0357142857142857,1
57,29,0.0344827586206897,1
57,30,0.0333333333333333,1
57,31,0.032258064516129,1
57,32,0.03125,1
57,33,0.0303030303030303,1
57,34,0.0294117647058824,1
57,35,0.0285714285714286,1
57,36,0.0277777777777778,1
57,37,0.027027027027027,1
57,38,0.0263157894736842,1
57,39,0.0256410256410256,1
57,40,0.025,1
57,41,0.024390243902439,1
57,42,0.0238095238095238,1
57,43,0.0232558139534884,1
57,44,0.0227272727272727,1
57,45,0.0222222222222222,1
57,46,0.0217391304347826,1
57,47,0.0212765957446809,1
57,48,0.0208333333333333,1
57,49,0.0204081632653061,1
57,50,0.02,1
58,1,1,0.0333333333333333
58,2,1,0.0666666666666667
58,3,1,0.1
58,4,1,0.133333333333333
58,5,0.8,0.133333333333333
58,6,0.833333333333333,0.166666666666667
58,7,0.714285714285714,0.166666666666667
58,8,0.625,0.166666666666667
58,9,0.555555555555556,0.166666666666667
58,10,0.5,0.166666666666667
58,11,0.545454545454545,0.2
58,12,0.5,0.2
58,13,0.538461538461538,0.233333333333333
58,14,0.5,0.233333333333333
58,15,0.466666666666667,0.233333333333333
58,16,0.5,0.266666666666667
58,17,0.529411764705882,0.3
58,18,0.5,0.3
58,19,0.473684210526316,0.3
58,20,0.5,0.333333333333333
58,21,0.476190476190476,0.333333333333333
58,22,0.454545454545455,0.333333333333333
58,23,0.434782608695652,0.333333333333333
58,24,0.416666666666667,0.333333333333333
58,25,0.44,0.366666666666667
58,26,0.423076923076923,0.366666666666667
58,27,0.407407407407407,0.366666666666667
58,28,0.392857142857143,0.366666666666667
58,29,0.379310344827586,0.366666666666667
58,30,0.366666666666667,0.366666666666667
58,31,0.354838709677419,0.366666666666667
58,32,0.34375,0.366666666666667
58,33,0.333333333333333,0.366666666666667
58,34,0.323529411764706,0.366666666666667
58,35,0.314285714285714,0.366666666666667
58,36,0.305555555555556,0.366666666666667
58,37,0.297297297297297,0.366666666666667
58,38,0.289473684210526,0.366666666666667
58,39,0.282051282051282,0.366666666666667
58,40,0.275,0.366666666666667
58,41,0.268292682926829,0.366666666666667
58,42,0.261904761904762,0.366666666666667
58,43,0.255813953488372,0.366666666666667
58,44,0.25,0.366666666666667
58,45,0.244444444444444,0.366666666666667
58,46,0.239130434782609,0.366666666666667
58,47,0.234042553191489,0.366666666666667
58,48,0.229166666666667,0.366666666666667
58,49,0.224489795918367,0.366666666666667
58,50,0.22,0.366666666666667
59,1,1,0.0232558139534884
59,2,1,0.0465116279069767
59,3,1,0.0697674418604651
59,4,1,0.0930232558139535
59,5,0.8,0.0930232558139535
59,6,0.833333333333333,0.116279069767442
59,7,0.714285714285714,0.116279069767442
59,8,0.625,0.116279069767442
59,9,0.555555555555556,0.116279069767442
59,10,0.6,0.13953488372093
59,11,0.636363636363636,0.162790697674419
59,12,0.583333333333333,0.162790697674419
59,13,0.538461538461538,0.162790697674419
59,14,0.5,0.162790697674419
59,15,0.533333333333333,0.186046511627907
59,16,0.5,0.186046511627907
59,17,0.529411764705882,0.209302325581395
59,18,0.5,0.209302325581395
59,19,0.526315789473684,0.232558139534884
59,20,0.5,0.232558139534884
59,21,0.476190476190476,0.232558139534884
59,22,0.454545454545455,0.232558139534884
59,23,0.434782608695652,0.232558139534884
59,24,0.416666666666667,0.232558139534884
59,25,0.4,0.232558139534884
59,26,0.384615384615385,0.232558139534884
59,27,0.407407407407407,0.255813953488372
59,28,0.392857142857143,0.255813953488372
59,29,0.413793103448276,0.27906976744186
59,30,0.4,0.27906976744186
59,31,0.387096774193548,0.27906976744186
59,32,0.375,0.27906976744186
59,33,0.393939393939394,0.302325581395349
59,34,0.382352941176471,0.302325581395349
59,35,0.371428571428571,0.302325581395349
59,36,0.361111111111111,0.302325581395349
59,37,0.351351351351351,0.302325581395349
59,38,0.342105263157895,0.302325581395349
59,39,0.358974358974359,0.325581395348837
59,40,0.375,0.348837209302326
59,41,0.365853658536585,0.348837209302326
59,42,0.357142857142857,0.348837209302326
59,43,0.348837209302326,0.348837209302326
59,44,0.363636363636364,0.372093023255814
59,45,0.377777777777778,0.395348837209302
59,46,0.369565217391304,0.395348837209302
59,47,0.382978723404255,0.418604651162791
59,48,0.395833333333333,0.441860465116279
59,49,0.387755102040816,0.441860465116279
59,50,0.38,0.441860465116279
60,1,1,0.037037037037037
60,2,1,0.0740740740740741
60,3,0.666666666666667,0.0740740740740741
60,4,0.5,0.0740740740740741
60,5,0.4,0.0740740740740741
60,6,0.5,0.111111111111111
60,7,0.428571428571429,0.111111111111111
60,8,0.375,0.111111111111111
60,9,0.333333333333333,0.111111111111111
60,10,0.4,0.148148148148148
60,11,0.454545454545455,0.185185185185185
60,12,0.416666666666667,0.185185185185185
60,13,0.384615384615385,0.185185185185185
60,14,0.357142857142857,0.185185185185185
60,15,0.4,0.222222222222222
60,16,0.375,0.222222222222222
60,17,0.352941176470588,0.222222222222222
60,18,0.333333333333333,0.222222222222222
60,19,0.315789473684211,0.222222222222222
60,20,0.35,0.259259259259259
60,21,0.333333333333333,0.259259259259259
60,22,0.318181818181818,0.259259259259259
60,23,0.304347826086957,0.259259259259259
60,24,0.291666666666667,0.259259259259259
60,25,0.28,0.259259259259259
60,26,0.269230769230769,0.259259259259259
60,27,0.259259259259259,0.259259259259259
60,28,0.25,0.259259259259259
60,29,0.241379310344828,0.259259259259259
60,30,0.233333333333333,0.259259259259259
60,31,0.225806451612903,0.259259259259259
60,32,0.21875,0.259259259259259
60,33,0.212121212121212,0.259259259259259
60,34,0.205882352941176,0.259259259259259
60,35,0.2,0.259259259259259
60,36,0.222222222222222,0.296296296296296
60,37,0.216216216216216,0.296296296296296
60,38,0.210526315789474,0.296296296296296
60,39,0.205128205128205,0.296296296296296
60,40,0.2,0.296296296296296
60,41,0.219512195121951,0.333333333333333
60,42,0.238095238095238,0.37037037037037
60,43,0.232558139534884,0.37037037037037
60,44,0.227272727272727,0.37037037037037
60,45,0.222222222222222,0.37037037037037
60,46,0.239130434782609,0.407407407407407
60,47,0.234042553191489,0.407407407407407
60,48,0.229166666666667,0.407407407407407
60,49,0.224489795918367,0.407407407407407
60,50,0.22,0.407407407407407
61,1,1,0.032258064516129
61,2,1,0.0645161290322581
61,3,1,0.0967741935483871
61,4,1,0.129032258064516
61,5,0.8,0.129032258064516
61,6,0.833333333333333,0.161290322580645
61,7,0.857142857142857,0.193548387096774
61,8,0.875,0.225806451612903
61,9,0.888888888888889,0.258064516129032
61,10,0.8,0.258064516129032
61,11,0.818181818181818,0.290322580645161
61,12,0.75,0.290322580645161
61,13,0.692307692307692,0.290322580645161
61,14,0.714285714285714,0.32258064516129
61,15,0.733333333333333,0.354838709677419
61,16,0.6875,0.354838709677419
61,17,0.647058823529412,0.354838709677419
61,18,0.611111111111111,0.354838709677419
61,19,0.578947368421053,0.354838709677419
61,20,0.55,0.354838709677419
61,21,0.523809523809524,0.354838709677419
61,22,0.5,0.354838709677419
61,23,0.478260869565217,0.354838709677419
61,24,0.458333333333333,0.354838709677419
61,25,0.44,0.354838709677419
61,26,0.423076923076923,0.354838709677419
61,27,0.444444444444444,0.387096774193548
61,28,0.428571428571429,0.387096774193548
61,29,0.448275862068966,0.419354838709677
61,30,0.433333333333333,0.419354838709677
61,31,0.419354838709677,0.419354838709677
61,32,0.40625,0.419354838709677
61,33,0.393939393939394,0.419354838709677
61,34,0.382352941176471,0.419354838709677
61,35,0.371428571428571,0.419354838709677
61,36,0.361111111111111,0.419354838709677
61,37,0.378378378378378,0.451612903225806
61,38,0.368421052631579,0.451612903225806
61,39,0.358974358974359,0.451612903225806
61,40,0.35,0.451612903225806
61,41,0.341463414634146,0.451612903225806
61,42,0.357142857142857,0.483870967741936
61,43,0.348837209302326,0.483870967741936
61,44,0.340909090909091,0.483870967741936
61,45,0.355555555555556,0.516129032258065
61,46,0.347826086956522,0.516129032258065
61,47,0.340425531914894,0.516129032258065
61,48,0.333333333333333,0.516129032258065
61,49,0.326530612244898,0.516129032258065
61,50,0.32,0.516129032258065
62,1,0,0
62,2,0,0
62,3,0,0
62,4,0,0
62,5,0,0
62,6,0,0
62,7,0,0
62,8,0,0
62,9,0,0
62,10,0,0
62,11,0,0
62,12,0,0
62,13,0.0769230769230769,0.125
62,14,0.0714285714285714,0.125
62,15,0.0666666666666667,0.125
62,16,0.0625,0.125
62,17,0.0588235294117647,0.125
62,18,0.0555555555555556,0.125
62,19,0.0526315789473684,0.125
62,20,0.05,0.125
62,21,0.0476190476190476,0.125
62,22,0.0454545454545455,0.125
62,23,0.0434782608695652,0.125
62,24,0.0416666666666667,0.125
62,25,0.04,0.125
62,26,0.0384615384615385,0.125
62,27,0.037037037037037,0.125
62,28,0.0357142857142857,0.125
62,29,0.0344827586206897,0.125
62,30,0.0666666666666667,0.25
62,31,0.0645161290322581,0.25
62,32,0.0625,0.25
62,33,0.0606060606060606,0.25
62,34,0.0588235294117647,0.25
62,35,0.0571428571428571,0.25
62,36,0.0555555555555556,0.25
62,37,0.0540540540540541,0.25
62,38,0.0526315789473684,0.25
62,39,0.0512820512820513,0.25
62,40,0.05,0.25
62,41,0.0487804878048781,0.25
62,42,0.0476190476190476,0.25
62,43,0.0465116279069767,0.25
62,44,0.0454545454545455,0.25
62,45,0.0444444444444444,0.25
62,46,0.0434782608695652,0.25
62,47,0.0425531914893617,0.25
62,48,0.0416666666666667,0.25
62,49,0.0408163265306122,0.25
62,50,0.04,0.25
63,1,0,0
63,2,0.5,0.0833333333333333
63,3,0.666666666666667,0.166666666666667
63,4,0.75,0.25
63,5,0.8,0.333333333333333
63,6,0.666666666666667,0.333333333333333
63,7,0.571428571428571,0.333333333333333
63,8,0.625,0.416666666666667
63,9,0.555555555555556,0.416666666666667
63,10,0.6,0.5
63,11,0.545454545454545,0.5
63,12,0.5,0.5
63,13,0.538461538461538,0.583333333333333
63,14,0.571428571428571,0.666666666666667
63,15,0.533333333333333,0.666666666666667
63,16,0.5625,0.75
63,17,0.529411764705882,0.75
63,18,0.5,0.75
63,19,0.473684210526316,0.75
63,20,0.45,0.75
63,21,0.428571428571429,0.75
63,22,0.454545454545455,0.833333333333333
63,23,0.434782608695652,0.833333333333333
63,24,0.458333333333333,0.916666666666667
63,25,0.44,0.916666666666667
63,26,0.461538461538462,1
63,27,0.444444444444444,1
63,28,0.428571428571429,1
63,29,0.413793103448276,1
63,30,0.4,1
63,31,0.387096774193548,1
63,32,0.375,1
63,33,0.363636363636364,1
63,34,0.352941176470588,1
63,35,0.342857142857143,1
63,36,0.333333333333333,1
63,37,0.324324324324324,1
63,38,0.315789473684211,1
63,39,0.307692307692308,1
63,40,0.3,1
63,41,0.292682926829268,1
63,42,0.285714285714286,1
63,43,0.27906976744186,1
63,44,0.272727272727273,1
63,45,0.266666666666667,1
63,46,0.260869565217391,1
63,47,0.25531914893617,1
63,48,0.25,1
63,49,0.244897959183673,1
63,50,0.24,1
64,1,1,1
64,2,0.5,1
64,3,0.333333333333333,1
64,4,0.25,1
64,5,0.2,1
64,6,0.166666666666667,1
64,7,0.142857142857143,1
64,8,0.125,1
64,9,0.111111111111111,1
64,10,0.1,1
64,11,0.0909090909090909,1
64,12,0.0833333333333333,1
64,13,0.0769230769230769,1
64,14,0.0714285714285714,1
64,15,0.0666666666666667,1
64,16,0.0625,1
64,17,0.0588235294117647,1
64,18,0.0555555555555556,1
64,19,0.0526315789473684,1
64,20,0.05,1
64,21,0.0476190476190476,1
64,22,0.0454545454545455,1
64,23,0.0434782608695652,1
64,24,0.0416666666666667,1
64,25,0.04,1
64,26,0.0384615384615385,1
64,27,0.037037037037037,1
64,28,0.0357142857142857,1
64,29,0.0344827586206897,1
64,30,0.0333333333333333,1
64,31,0.032258064516129,1
64,32,0.03125,1
64,33,0.0303030303030303,1
64,34,0.0294117647058824,1
64,35,0.0285714285714286,1
64,36,0.0277777777777778,1
64,37,0.027027027027027,1
64,38,0.0263157894736842,1
64,39,0.0256410256410256,1
64,40,0.025,1
64,41,0.024390243902439,1
64,42,0.0238095238095238,1
64,43,0.0232558139534884,1
64,44,0.0227272727272727,1
64,45,0.0222222222222222,1
64,46,0.0217391304347826,1
64,47,0.0212765957446809,1
64,48,0.0208333333333333,1
64,49,0.0204081632653061,1
64,50,0.02,1
